order_id,customer_id,product,category,quantity,price,order_date,amount
ORD10000,C1125,Phone,Electronics,1,1114.91,2025-04-25,1114.91
ORD10001,C1279,Tablet,Electronics,1,1018.28,2025-02-14,1018.28
ORD10002,C1111,Monitor,Electronics,1,54.4,2025-04-30,54.4
ORD10003,C1279,Laptop,Electronics,5,306.27,2025-08-03,1531.35
ORD10004,C1003,Headphones,Audio,4,888.01,2025-03-23,3552.04
ORD10005,C1110,Monitor,Electronics,3,424.03,2025-06-22,1272.09
ORD10006,C1183,Phone,Electronics,1,576.09,2025-06-26,576.09
ORD10007,C1274,Keyboard,Accessories,1,1097.3,2025-03-05,1097.3
ORD10008,C1185,Monitor,Electronics,1,832.54,2025-10-23,832.54
ORD10009,C1116,Headphones,Audio,1,78.28,2025-05-29,78.28
ORD10010,C1194,Phone,Electronics,2,1301.06,2025-05-23,2602.12
ORD10011,C1181,Cable,Accessories,3,252.35,2025-04-18,757.05
ORD10012,C1087,Keyboard,Accessories,1,917.61,2025-10-01,917.61
ORD10013,C1138,Headphones,Audio,2,698.77,2025-11-24,1397.54
ORD10014,C1028,Headphones,Audio,3,1265.85,2025-04-28,3797.55
ORD10015,C1033,Laptop,Electronics,3,607.74,2025-04-19,1823.22
ORD10016,C1202,Mouse,Accessories,2,986.6,2025-11-26,1973.2
ORD10017,C1126,Cable,Accessories,2,404.67,2025-10-15,809.34
ORD10018,C1298,Keyboard,Accessories,5,648.37,2025-07-24,3241.85
ORD10019,C1070,Mouse,Accessories,2,1496.02,2025-09-18,2992.04
ORD10020,C1056,Cable,Accessories,1,1136.12,2025-03-20,1136.12
ORD10021,C1197,Tablet,Electronics,4,898.65,2025-07-15,3594.6
ORD10022,C1283,Cable,Accessories,5,384.61,2025-01-06,1923.05
ORD10023,C1174,Phone,Electronics,5,1128.81,2025-02-27,5644.05
ORD10024,C1001,Keyboard,Accessories,4,245.66,2025-05-15,982.64
ORD10025,,Tablet,Electronics,5,1369.82,2025-11-24,6849.1
ORD10026,C1082,Headphones,Audio,2,567.13,2025-10-04,1134.26
ORD10027,C1009,Laptop,Electronics,5,492.99,2025-02-27,2464.95
ORD10028,C1123,Mouse,Accessories,3,366.78,2025-10-18,1100.34
ORD10029,C1035,Phone,Electronics,1,1100.54,2025-09-30,1100.54
ORD10030,C1281,Tablet,Electronics,2,993.03,2025-03-26,1986.06
ORD10031,C1216,Keyboard,Accessories,5,1309.93,2025-04-19,6549.65
ORD10032,C1191,Headphones,Audio,3,604.5,2025-08-13,1813.5
ORD10033,C1032,Cable,Accessories,1,379.38,2025-06-23,379.38
ORD10034,C1112,Laptop,Electronics,5,835.34,2025-01-04,4176.7
ORD10035,C1016,Phone,Electronics,1,351.12,2025-06-19,351.12
ORD10036,C1248,Phone,Electronics,5,364.63,2025-04-20,1823.15
ORD10037,C1124,Tablet,Electronics,5,868.56,2025-08-31,4342.8
ORD10038,C1220,Monitor,Electronics,2,150.55,2025-07-01,301.1
ORD10039,C1027,Monitor,Electronics,4,705.87,2025-12-11,2823.48
ORD10040,C1173,Phone,Electronics,1,609.91,2025-02-25,609.91
ORD10041,C1229,Headphones,Audio,2,293.41,2025-03-13,586.82
ORD10042,C1127,Monitor,Electronics,2,425.03,2025-02-08,850.06
ORD10043,C1276,Cable,Accessories,5,155.88,2025-01-08,779.4
ORD10044,C1248,Phone,Electronics,2,257.8,2025-09-04,515.6
ORD10045,C1084,Headphones,Audio,4,1354.64,2025-07-14,5418.56
ORD10046,C1232,Laptop,Electronics,4,405.15,2025-05-27,1620.6
ORD10047,C1249,Monitor,Electronics,5,996.19,2025-03-21,4980.95
ORD10048,C1029,Headphones,Audio,3,334.37,2025-10-24,1003.11
ORD10049,C1299,Laptop,Electronics,3,95.18,2025-09-02,285.54
ORD10050,C1041,Tablet,Electronics,1,1441.56,2025-04-06,1441.56
ORD10051,C1120,Phone,Electronics,5,111.26,2025-07-26,556.3
ORD10052,C1020,Phone,Electronics,5,376.86,2025-11-14,1884.3
ORD10053,C1289,Phone,Electronics,4,989.49,2025-09-25,3957.96
ORD10054,C1160,Mouse,Accessories,3,314.35,2025-05-03,943.05
ORD10055,C1153,Keyboard,Accessories,4,205.01,2025-08-23,820.04
ORD10056,C1288,Mouse,Accessories,1,23.88,2025-02-21,23.88
ORD10057,C1135,Phone,Electronics,5,327.6,2025-03-09,1638.0
ORD10058,C1189,Mouse,Accessories,1,1320.11,2025-05-26,1320.11
ORD10059,C1154,Tablet,Electronics,4,1252.28,2025-11-10,5009.12
ORD10060,C1053,Laptop,Electronics,5,456.07,2025-03-10,2280.35
ORD10061,C1283,Keyboard,Accessories,1,1335.67,2025-03-21,1335.67
ORD10062,C1175,Keyboard,Accessories,3,911.2,2025-04-15,2733.6
ORD10063,,Keyboard,Accessories,5,737.91,2025-02-17,3689.55
ORD10064,C1170,Monitor,Electronics,3,75.69,2025-03-08,227.07
ORD10065,C1282,Keyboard,Accessories,2,1114.43,2025-12-28,2228.86
ORD10066,C1038,Monitor,Electronics,5,24.41,2025-12-20,122.05
ORD10067,,Tablet,Electronics,5,63.68,2025-10-26,318.4
ORD10068,C1157,Tablet,Electronics,4,199.89,2025-07-06,799.56
ORD10069,C1127,Laptop,Electronics,3,323.01,2025-12-08,969.03
ORD10070,C1208,Phone,Electronics,3,1172.37,2025-11-14,3517.11
ORD10071,C1090,Tablet,Electronics,2,1298.26,2025-07-31,2596.52
ORD10072,C1170,Laptop,Electronics,2,1107.48,2025-07-30,2214.96
ORD10073,C1055,Headphones,Audio,3,247.2,2025-07-15,741.6
ORD10074,C1235,Laptop,Electronics,4,341.43,2025-06-29,1365.72
ORD10075,C1098,Keyboard,Accessories,2,342.16,2025-07-24,684.32
ORD10076,C1142,Mouse,Accessories,3,1297.89,2025-06-29,3893.67
ORD10077,C1014,Monitor,Electronics,5,503.41,2025-03-01,2517.05
ORD10078,C1135,Keyboard,Accessories,2,875.08,2025-01-20,1750.16
ORD10079,C1160,Phone,Electronics,5,657.5,2025-08-12,3287.5
ORD10080,C1097,Phone,Electronics,4,1350.26,2025-05-11,5401.04
ORD10081,C1275,Laptop,Electronics,4,12.52,2025-12-18,50.08
ORD10082,C1169,Headphones,Audio,3,652.63,2025-11-16,1957.89
ORD10083,C1153,Mouse,Accessories,1,1082.43,2025-09-17,1082.43
ORD10084,C1151,Keyboard,Accessories,4,496.01,2025-10-11,1984.04
ORD10085,C1194,Tablet,Electronics,2,636.47,2025-12-13,1272.94
ORD10086,C1207,Tablet,Electronics,5,857.97,2025-10-08,4289.85
ORD10087,C1220,Laptop,Electronics,3,437.5,2025-10-24,1312.5
ORD10088,C1109,Mouse,Accessories,4,668.26,2025-09-19,2673.04
ORD10089,C1145,Cable,Accessories,2,991.69,2025-09-21,1983.38
ORD10090,C1120,Mouse,Accessories,1,1229.45,2025-12-11,1229.45
ORD10091,C1075,Keyboard,Accessories,2,1211.78,2025-01-13,2423.56
ORD10092,C1037,Laptop,Electronics,2,1476.06,2025-08-22,2952.12
ORD10093,C1196,Monitor,Electronics,5,299.71,2025-09-11,1498.55
ORD10094,C1002,Monitor,Electronics,2,229.88,2025-02-24,459.76
ORD10095,C1265,Monitor,Electronics,2,272.07,2025-08-26,544.14
ORD10096,C1062,Laptop,Electronics,5,381.31,2025-08-22,1906.55
ORD10097,C1286,Tablet,Electronics,4,1004.69,2025-11-01,4018.76
ORD10098,C1258,Mouse,Accessories,4,922.85,2025-08-07,3691.4
ORD10099,C1243,Cable,Accessories,2,1118.05,2025-08-19,2236.1
ORD10100,C1141,Keyboard,Accessories,2,1261.4,2025-09-24,2522.8
ORD10101,C1039,Cable,Accessories,2,419.15,2026-01-01,838.3
ORD10102,C1163,Keyboard,Accessories,2,414.86,2025-10-04,829.72
ORD10103,C1196,Phone,Electronics,2,234.74,2025-12-22,469.48
ORD10104,C1208,Tablet,Electronics,2,105.7,2025-06-19,211.4
ORD10105,C1215,Cable,Accessories,4,102.78,2025-07-19,411.12
ORD10106,C1003,Laptop,Electronics,5,576.77,2025-06-30,2883.85
ORD10107,C1214,Keyboard,Accessories,4,1281.64,2025-10-03,5126.56
ORD10108,C1223,Headphones,Audio,4,336.94,2025-09-06,1347.76
ORD10109,C1207,Laptop,Electronics,4,510.83,2025-03-26,2043.32
ORD10110,C1273,Cable,Accessories,2,1471.28,2025-01-14,2942.56
ORD10111,,Monitor,Electronics,5,850.94,2025-02-12,4254.7
ORD10112,C1093,Monitor,Electronics,2,1301.61,2025-01-26,2603.22
ORD10113,C1232,Keyboard,Accessories,4,497.76,2025-06-17,1991.04
ORD10114,C1215,Mouse,Accessories,4,424.6,2025-05-10,1698.4
ORD10115,C1276,Phone,Electronics,4,38.88,2025-01-27,155.52
ORD10116,,Mouse,Accessories,2,978.71,2025-01-16,1957.42
ORD10117,C1078,Headphones,Audio,2,1260.45,2025-05-03,2520.9
ORD10118,C1288,Tablet,Electronics,4,1007.49,2025-04-22,4029.96
ORD10119,C1085,Cable,Accessories,3,1152.68,2025-11-07,3458.04
ORD10120,C1055,Phone,Electronics,2,1447.43,2025-10-24,2894.86
ORD10121,C1192,Laptop,Electronics,3,867.94,2025-07-23,2603.82
ORD10122,C1124,Headphones,Audio,1,892.23,2025-02-22,892.23
ORD10123,C1289,Keyboard,Accessories,5,1210.24,2025-01-22,6051.2
ORD10124,C1189,Mouse,Accessories,5,648.28,2025-02-05,3241.4
ORD10125,C1250,Mouse,Accessories,1,1275.87,2025-02-24,1275.87
ORD10126,C1235,Monitor,Electronics,3,957.02,2025-12-29,2871.06
ORD10127,C1267,Tablet,Electronics,4,272.44,2025-11-30,1089.76
ORD10128,C1275,Keyboard,Accessories,5,1214.22,2025-09-05,6071.1
ORD10129,C1137,Cable,Accessories,4,1240.34,2025-06-15,4961.36
ORD10130,C1230,Headphones,Audio,1,425.6,2025-05-05,425.6
ORD10131,C1194,Cable,Accessories,5,919.39,2025-06-22,4596.95
ORD10132,C1093,Laptop,Electronics,4,1277.92,2025-09-07,5111.68
ORD10133,C1174,Headphones,Audio,3,1198.77,2025-05-24,3596.31
ORD10134,C1097,Keyboard,Accessories,5,25.13,2025-02-13,125.65
ORD10135,C1123,Headphones,Audio,4,737.98,2025-12-20,2951.92
ORD10136,C1008,Cable,Accessories,4,677.78,2025-02-17,2711.12
ORD10137,C1124,Keyboard,Accessories,2,612.56,2025-06-06,1225.12
ORD10138,C1176,Mouse,Accessories,4,834.67,2025-08-06,3338.68
ORD10139,C1138,Mouse,Accessories,3,1057.25,2025-06-06,3171.75
ORD10140,C1098,Keyboard,Accessories,2,189.78,2025-06-11,379.56
ORD10141,C1094,Phone,Electronics,5,1426.81,2025-04-09,7134.05
ORD10142,C1268,Headphones,Audio,4,421.98,2025-11-02,1687.92
ORD10143,C1151,Keyboard,Accessories,1,1250.62,2025-04-27,1250.62
ORD10144,C1273,Mouse,Accessories,2,460.38,2025-03-06,920.76
ORD10145,C1283,Keyboard,Accessories,1,1461.7,2025-05-30,1461.7
ORD10146,C1006,Tablet,Electronics,4,162.86,2025-10-21,651.44
ORD10147,C1174,Keyboard,Accessories,4,723.28,2025-04-05,2893.12
ORD10148,C1244,Laptop,Electronics,3,1412.18,2025-02-28,4236.54
ORD10149,C1295,Phone,Electronics,4,742.7,2025-11-19,2970.8
ORD10150,C1288,Laptop,Electronics,2,232.3,2025-06-05,464.6
ORD10151,C1213,Phone,Electronics,2,186.49,2025-11-07,372.98
ORD10152,C1226,Headphones,Audio,5,576.76,2025-06-02,2883.8
ORD10153,C1030,Monitor,Electronics,3,857.26,2025-11-09,2571.78
ORD10154,C1135,Phone,Electronics,2,942.02,2025-12-05,1884.04
ORD10155,C1282,Phone,Electronics,2,367.4,2025-02-08,734.8
ORD10156,C1240,Tablet,Electronics,1,618.69,2025-05-30,618.69
ORD10157,C1144,Laptop,Electronics,2,439.28,2025-12-26,878.56
ORD10158,C1135,Cable,Accessories,1,1034.2,2025-11-17,1034.2
ORD10159,C1115,Headphones,Audio,4,181.02,2025-11-28,724.08
ORD10160,C1036,Tablet,Electronics,3,1241.68,2025-01-31,3725.04
ORD10161,C1291,Tablet,Electronics,3,896.62,2025-05-28,2689.86
ORD10162,C1155,Cable,Accessories,1,708.36,2025-12-25,708.36
ORD10163,C1252,Monitor,Electronics,3,755.7,2025-08-13,2267.1
ORD10164,C1221,Phone,Electronics,5,69.39,2025-06-15,346.95
ORD10165,C1294,Keyboard,Accessories,1,146.08,2025-10-28,146.08
ORD10166,C1089,Laptop,Electronics,3,868.61,2025-08-29,2605.83
ORD10167,C1299,Cable,Accessories,3,280.42,2025-08-12,841.26
ORD10168,C1209,Cable,Accessories,1,710.32,2025-06-20,710.32
ORD10169,C1168,Mouse,Accessories,1,1288.02,2025-07-30,1288.02
ORD10170,C1205,Cable,Accessories,3,997.25,2025-10-09,2991.75
ORD10171,C1129,Laptop,Electronics,4,141.21,2025-06-15,564.84
ORD10172,C1000,Phone,Electronics,4,1298.72,2025-12-03,5194.88
ORD10173,C1265,Cable,Accessories,4,90.76,2025-07-05,363.04
ORD10174,C1104,Cable,Accessories,4,1142.39,2025-05-17,4569.56
ORD10175,C1248,Tablet,Electronics,3,662.79,2025-03-04,1988.37
ORD10176,C1081,Laptop,Electronics,5,1200.98,2025-06-09,6004.9
ORD10177,C1115,Laptop,Electronics,5,617.91,2025-02-28,3089.55
ORD10178,C1078,Cable,Accessories,1,975.09,2025-09-13,975.09
ORD10179,C1212,Keyboard,Accessories,5,1061.06,2025-09-05,5305.3
ORD10180,C1074,Cable,Accessories,2,690.61,2025-07-16,1381.22
ORD10181,C1069,Headphones,Audio,5,767.28,2025-02-05,3836.4
ORD10182,C1259,Keyboard,Accessories,4,516.41,2025-05-17,2065.64
ORD10183,C1296,Laptop,Electronics,3,1091.82,2025-12-04,3275.46
ORD10184,C1247,Cable,Accessories,2,675.36,2025-06-26,1350.72
ORD10185,C1193,Mouse,Accessories,5,1146.68,2025-08-22,5733.4
ORD10186,C1122,Mouse,Accessories,2,1471.35,2025-10-20,2942.7
ORD10187,C1210,Monitor,Electronics,2,1285.46,2025-01-23,2570.92
ORD10188,C1195,Mouse,Accessories,4,1060.79,2025-07-17,4243.16
ORD10189,C1064,Tablet,Electronics,4,1447.59,2025-09-15,5790.36
ORD10190,C1225,Mouse,Accessories,1,1312.54,2025-02-21,1312.54
ORD10191,C1209,Cable,Accessories,1,1086.44,2025-12-02,1086.44
ORD10192,C1135,Tablet,Electronics,1,709.54,2025-06-23,709.54
ORD10193,C1273,Monitor,Electronics,1,1279.13,2025-07-14,1279.13
ORD10194,C1018,Mouse,Accessories,4,1309.85,2025-11-13,5239.4
ORD10195,C1147,Phone,Electronics,2,950.43,2025-04-27,1900.86
ORD10196,C1051,Phone,Electronics,4,1467.72,2025-08-16,5870.88
ORD10197,C1023,Tablet,Electronics,3,1356.1,2025-06-16,4068.3
ORD10198,,Laptop,Electronics,3,544.11,2025-03-16,1632.33
ORD10199,C1092,Headphones,Audio,5,623.96,2025-03-29,3119.8
ORD10200,C1195,Tablet,Electronics,1,918.14,2025-11-14,918.14
ORD10201,C1073,Headphones,Audio,4,1370.12,2025-04-29,5480.48
ORD10202,C1004,Cable,Accessories,3,694.76,2025-08-27,2084.28
ORD10203,C1226,Keyboard,Accessories,5,245.38,2025-06-26,1226.9
ORD10204,C1233,Keyboard,Accessories,4,1038.57,2025-06-04,4154.28
ORD10205,C1054,Headphones,Audio,4,1281.47,2025-05-02,5125.88
ORD10206,C1151,Monitor,Electronics,5,544.85,2025-12-25,2724.25
ORD10207,C1202,Keyboard,Accessories,1,1467.14,2025-05-21,1467.14
ORD10208,C1025,Laptop,Electronics,5,1298.95,2025-11-07,6494.75
ORD10209,C1117,Cable,Accessories,3,1165.85,2025-11-07,3497.55
ORD10210,C1128,Mouse,Accessories,2,958.56,2025-12-14,1917.12
ORD10211,C1020,Tablet,Electronics,1,1356.07,2025-06-08,1356.07
ORD10212,C1067,Cable,Accessories,1,873.56,2025-02-16,873.56
ORD10213,C1089,Keyboard,Accessories,3,1123.75,2025-04-13,3371.25
ORD10214,C1187,Tablet,Electronics,5,1315.93,2025-09-29,6579.65
ORD10215,,Keyboard,Accessories,2,392.89,2025-06-01,785.78
ORD10216,C1038,Mouse,Accessories,1,707.81,2025-03-14,707.81
ORD10217,,Headphones,Audio,4,1451.23,2025-07-07,5804.92
ORD10218,C1274,Phone,Electronics,4,30.74,2025-03-05,122.96
ORD10219,C1134,Cable,Accessories,3,1012.51,2025-10-27,3037.53
ORD10220,C1119,Monitor,Electronics,3,171.44,2025-08-30,514.32
ORD10221,C1287,Laptop,Electronics,5,1327.51,2025-06-17,6637.55
ORD10222,C1237,Headphones,Audio,1,956.75,2025-12-25,956.75
ORD10223,C1023,Keyboard,Accessories,4,183.85,2025-01-20,735.4
ORD10224,C1120,Keyboard,Accessories,4,183.02,2025-10-03,732.08
ORD10225,C1276,Tablet,Electronics,4,685.93,2025-08-03,2743.72
ORD10226,C1250,Tablet,Electronics,4,985.83,2025-11-12,3943.32
ORD10227,C1189,Monitor,Electronics,3,58.75,2025-04-22,176.25
ORD10228,C1185,Cable,Accessories,4,1426.33,2025-02-20,5705.32
ORD10229,C1183,Mouse,Accessories,5,1353.53,2025-02-01,6767.65
ORD10230,C1062,Monitor,Electronics,3,292.81,2025-08-21,878.43
ORD10231,C1010,Phone,Electronics,2,966.14,2025-01-26,1932.28
ORD10232,C1289,Mouse,Accessories,2,1483.34,2025-04-16,2966.68
ORD10233,C1110,Phone,Electronics,5,318.66,2025-04-30,1593.3
ORD10234,C1001,Mouse,Accessories,2,1185.08,2025-05-22,2370.16
ORD10235,C1089,Tablet,Electronics,2,814.92,2025-02-26,1629.84
ORD10236,C1121,Laptop,Electronics,2,32.14,2025-10-29,64.28
ORD10237,C1026,Mouse,Accessories,1,269.63,INVALID,269.63
ORD10238,C1032,Monitor,Electronics,5,179.34,2025-09-01,896.7
ORD10239,C1055,Cable,Accessories,3,774.72,2025-08-20,2324.16
ORD10240,C1266,Headphones,Audio,5,74.61,2025-06-04,373.05
ORD10241,C1245,Cable,Accessories,1,100.63,2025-07-25,100.63
ORD10242,C1227,Monitor,Electronics,1,740.5,2025-02-07,740.5
ORD10243,C1033,Phone,Electronics,3,916.36,2025-03-06,2749.08
ORD10244,C1280,Keyboard,Accessories,5,953.28,INVALID,4766.4
ORD10245,C1271,Mouse,Accessories,4,1492.0,2025-05-31,5968.0
ORD10246,C1050,Cable,Accessories,5,912.09,2025-12-26,4560.45
ORD10247,C1110,Phone,Electronics,5,1084.05,2025-08-09,5420.25
ORD10248,C1232,Cable,Accessories,2,626.58,2025-07-24,1253.16
ORD10249,C1160,Monitor,Electronics,1,475.7,2025-12-07,475.7
ORD10250,C1242,Keyboard,Accessories,3,1430.85,2025-02-04,4292.55
ORD10251,C1049,Phone,Electronics,1,148.91,2025-07-10,148.91
ORD10252,C1287,Tablet,Electronics,5,99.37,2025-10-15,496.85
ORD10253,C1216,Mouse,Accessories,1,622.1,2025-01-27,622.1
ORD10254,C1053,Keyboard,Accessories,5,475.55,2025-10-23,2377.75
ORD10255,C1114,Headphones,Audio,2,988.54,2025-02-25,1977.08
ORD10256,C1142,Mouse,Accessories,5,557.67,2025-10-21,2788.35
ORD10257,C1285,Headphones,Audio,4,1269.28,2025-01-14,5077.12
ORD10258,C1158,Keyboard,Accessories,1,278.82,2025-06-23,278.82
ORD10259,C1073,Mouse,Accessories,1,280.29,2025-10-17,280.29
ORD10260,C1015,Monitor,Electronics,1,221.39,2025-02-16,221.39
ORD10261,C1174,Headphones,Audio,4,635.55,2025-03-22,2542.2
ORD10262,C1290,Mouse,Accessories,3,1085.18,2025-11-02,3255.54
ORD10263,C1025,Phone,Electronics,1,241.81,2025-12-12,241.81
ORD10264,C1217,Phone,Electronics,3,670.24,2025-09-06,2010.72
ORD10265,C1262,Cable,Accessories,4,417.02,2025-02-28,1668.08
ORD10266,C1249,Mouse,Accessories,4,175.23,2025-09-27,700.92
ORD10267,C1028,Keyboard,Accessories,1,338.57,2025-01-04,338.57
ORD10268,C1070,Headphones,Audio,3,1418.53,2025-05-11,4255.59
ORD10269,C1254,Keyboard,Accessories,3,188.78,2025-08-09,566.34
ORD10270,C1117,Tablet,Electronics,2,576.51,2025-09-14,1153.02
ORD10271,C1021,Mouse,Accessories,1,601.64,2025-08-12,601.64
ORD10272,C1160,Laptop,Electronics,4,1382.53,2025-10-22,5530.12
ORD10273,C1213,Monitor,Electronics,5,612.59,2025-05-29,3062.95
ORD10274,C1166,Phone,Electronics,4,41.08,2025-03-29,164.32
ORD10275,C1054,Cable,Accessories,3,141.31,2025-05-05,423.93
ORD10276,C1040,Monitor,Electronics,5,606.67,2025-07-22,3033.35
ORD10277,C1086,Keyboard,Accessories,3,340.14,2025-02-09,1020.42
ORD10278,C1178,Phone,Electronics,5,769.83,2025-06-29,3849.15
ORD10279,C1131,Tablet,Electronics,2,163.18,2025-04-12,326.36
ORD10280,C1038,Tablet,Electronics,5,237.78,2025-04-01,1188.9
ORD10281,C1296,Cable,Accessories,4,1134.12,2025-08-18,4536.48
ORD10282,C1034,Mouse,Accessories,3,234.93,2025-08-29,704.79
ORD10283,C1028,Cable,Accessories,3,1196.53,2025-06-30,3589.59
ORD10284,C1019,Phone,Electronics,3,698.0,2025-01-30,2094.0
ORD10285,C1046,Mouse,Accessories,3,124.33,2025-11-11,372.99
ORD10286,C1021,Monitor,Electronics,4,874.69,2025-08-19,3498.76
ORD10287,C1256,Headphones,Audio,3,911.46,2025-03-19,2734.38
ORD10288,C1175,Laptop,Electronics,4,164.22,2026-01-01,656.88
ORD10289,C1020,Phone,Electronics,5,972.73,2025-05-07,4863.65
ORD10290,C1081,Cable,Accessories,4,790.86,2025-07-06,3163.44
ORD10291,C1173,Mouse,Accessories,3,587.25,INVALID,1761.75
ORD10292,C1048,Laptop,Electronics,3,108.21,2025-10-13,324.63
ORD10293,C1076,Monitor,Electronics,3,385.47,2025-06-20,1156.41
ORD10294,C1179,Phone,Electronics,5,998.78,2025-06-08,4993.9
ORD10295,C1043,Monitor,Electronics,2,896.61,2025-06-08,1793.22
ORD10296,C1269,Monitor,Electronics,3,1221.65,2025-02-17,3664.95
ORD10297,C1185,Monitor,Electronics,5,549.12,2025-06-08,2745.6
ORD10298,C1248,Tablet,Electronics,2,519.18,2025-04-09,1038.36
ORD10299,C1151,Headphones,Audio,2,240.87,2025-02-21,481.74
ORD10300,C1067,Laptop,Electronics,3,1315.83,2025-11-02,3947.49
ORD10301,C1084,Monitor,Electronics,2,251.75,2025-08-13,503.5
ORD10302,C1121,Laptop,Electronics,4,552.81,2025-08-16,2211.24
ORD10303,C1122,Keyboard,Accessories,4,358.66,2025-06-08,1434.64
ORD10304,C1292,Cable,Accessories,2,558.08,2025-08-14,1116.16
ORD10305,C1257,Cable,Accessories,3,1169.4,2025-09-28,3508.2
ORD10306,C1070,Monitor,Electronics,2,1227.17,2025-05-09,2454.34
ORD10307,C1283,Laptop,Electronics,4,1312.43,2025-02-22,5249.72
ORD10308,C1082,Phone,Electronics,3,134.97,2025-05-20,404.91
ORD10309,C1223,Cable,Accessories,5,229.55,2025-02-16,1147.75
ORD10310,C1013,Headphones,Audio,4,1328.1,2025-08-01,5312.4
ORD10311,C1120,Laptop,Electronics,4,757.99,2025-07-17,3031.96
ORD10312,C1163,Phone,Electronics,3,344.56,2025-02-20,1033.68
ORD10313,C1146,Mouse,Accessories,2,215.02,2025-08-30,430.04
ORD10314,C1002,Tablet,Electronics,4,678.42,2025-02-10,2713.68
ORD10315,C1076,Laptop,Electronics,3,331.33,2025-10-08,993.99
ORD10316,C1121,Monitor,Electronics,1,1166.5,2025-06-04,1166.5
ORD10317,C1234,Phone,Electronics,1,365.27,2025-02-02,365.27
ORD10318,C1008,Phone,Electronics,4,899.14,2025-11-20,3596.56
ORD10319,C1000,Headphones,Audio,2,444.0,2025-11-11,888.0
ORD10320,C1095,Mouse,Accessories,2,860.29,2025-12-07,1720.58
ORD10321,C1034,Phone,Electronics,5,1462.24,2025-09-27,7311.2
ORD10322,C1022,Laptop,Electronics,4,1311.26,2025-11-22,5245.04
ORD10323,C1008,Monitor,Electronics,3,387.94,INVALID,1163.82
ORD10324,C1053,Phone,Electronics,3,369.28,2025-10-25,1107.84
ORD10325,C1279,Mouse,Accessories,2,76.06,2025-06-23,152.12
ORD10326,C1245,Tablet,Electronics,4,1471.42,2025-11-20,5885.68
ORD10327,C1234,Tablet,Electronics,2,104.02,2025-01-19,208.04
ORD10328,C1102,Keyboard,Accessories,2,75.27,2025-01-22,150.54
ORD10329,C1278,Mouse,Accessories,3,777.92,2025-08-31,2333.76
ORD10330,C1097,Keyboard,Accessories,1,1132.4,2025-05-27,1132.4
ORD10331,,Mouse,Accessories,1,1300.04,2025-05-20,1300.04
ORD10332,C1204,Phone,Electronics,3,661.06,2025-08-14,1983.18
ORD10333,C1254,Monitor,Electronics,3,1460.85,2025-12-21,4382.55
ORD10334,C1265,Cable,Accessories,3,1387.22,2025-05-17,4161.66
ORD10335,C1092,Phone,Electronics,4,127.6,2025-10-07,510.4
ORD10336,C1167,Keyboard,Accessories,3,162.87,2025-12-05,488.61
ORD10337,C1218,Keyboard,Accessories,3,674.41,2025-03-27,2023.23
ORD10338,,Cable,Accessories,3,676.22,2025-11-11,2028.66
ORD10339,C1029,Monitor,Electronics,3,962.81,2025-02-08,2888.43
ORD10340,C1081,Monitor,Electronics,3,774.5,2025-01-16,2323.5
ORD10341,C1224,Tablet,Electronics,5,1020.35,2025-01-18,5101.75
ORD10342,C1187,Tablet,Electronics,1,361.63,2025-07-05,361.63
ORD10343,C1078,Monitor,Electronics,5,58.25,2025-12-14,291.25
ORD10344,C1039,Cable,Accessories,3,564.3,2025-10-21,1692.9
ORD10345,C1160,Tablet,Electronics,5,556.76,2025-11-29,2783.8
ORD10346,C1013,Keyboard,Accessories,2,1441.17,2025-04-06,2882.34
ORD10347,C1287,Cable,Accessories,5,586.61,2025-03-02,2933.05
ORD10348,C1109,Keyboard,Accessories,3,1059.02,2025-11-10,3177.06
ORD10349,C1069,Keyboard,Accessories,4,308.27,2025-02-07,1233.08
ORD10350,C1227,Cable,Accessories,2,1349.03,INVALID,2698.06
ORD10351,C1281,Mouse,Accessories,3,1067.22,2025-10-05,3201.66
ORD10352,C1089,Keyboard,Accessories,3,1278.53,2025-07-05,3835.59
ORD10353,C1071,Headphones,Audio,1,1477.85,2025-05-02,1477.85
ORD10354,C1293,Cable,Accessories,1,547.74,2025-07-08,547.74
ORD10355,C1044,Cable,Accessories,5,203.36,2025-02-03,1016.8
ORD10356,C1245,Keyboard,Accessories,4,1499.4,2025-09-27,5997.6
ORD10357,C1037,Monitor,Electronics,4,1236.78,2025-03-06,4947.12
ORD10358,C1264,Mouse,Accessories,1,680.46,2025-06-26,680.46
ORD10359,C1093,Tablet,Electronics,5,963.29,2025-03-08,4816.45
ORD10360,C1028,Monitor,Electronics,5,1366.96,2025-03-05,6834.8
ORD10361,C1165,Tablet,Electronics,3,255.34,2025-12-30,766.02
ORD10362,C1265,Headphones,Audio,3,1421.75,2025-05-26,4265.25
ORD10363,C1282,Phone,Electronics,3,302.49,2025-05-21,907.47
ORD10364,C1047,Tablet,Electronics,3,925.5,2025-09-15,2776.5
ORD10365,C1078,Tablet,Electronics,5,1412.99,2025-03-29,7064.95
ORD10366,C1014,Mouse,Accessories,5,71.38,2025-02-11,356.9
ORD10367,C1107,Laptop,Electronics,5,404.34,2025-10-20,2021.7
ORD10368,C1254,Monitor,Electronics,5,962.1,2025-11-18,4810.5
ORD10369,C1207,Keyboard,Accessories,3,729.59,2025-06-02,2188.77
ORD10370,C1080,Cable,Accessories,1,1036.03,2025-08-14,1036.03
ORD10371,C1174,Monitor,Electronics,4,702.02,2025-11-07,2808.08
ORD10372,C1163,Tablet,Electronics,3,1293.61,2025-06-26,3880.83
ORD10373,C1263,Monitor,Electronics,2,1143.39,2025-10-15,2286.78
ORD10374,C1062,Phone,Electronics,3,370.19,2025-05-17,1110.57
ORD10375,C1025,Cable,Accessories,2,219.91,2025-05-29,439.82
ORD10376,C1081,Monitor,Electronics,5,633.02,2025-06-17,3165.1
ORD10377,C1255,Mouse,Accessories,2,1147.05,2025-09-21,2294.1
ORD10378,C1254,Cable,Accessories,4,1319.82,2025-01-12,5279.28
ORD10379,C1123,Phone,Electronics,4,763.11,2025-04-21,3052.44
ORD10380,C1253,Mouse,Accessories,1,85.31,2025-11-02,85.31
ORD10381,C1055,Cable,Accessories,3,809.67,2025-08-09,2429.01
ORD10382,C1206,Tablet,Electronics,3,1093.99,2025-07-07,3281.97
ORD10383,C1287,Laptop,Electronics,4,86.22,2025-04-10,344.88
ORD10384,C1197,Mouse,Accessories,5,440.02,2025-09-16,2200.1
ORD10385,C1060,Cable,Accessories,5,426.78,2025-03-07,2133.9
ORD10386,C1173,Phone,Electronics,4,566.07,2025-10-13,2264.28
ORD10387,C1260,Mouse,Accessories,2,306.6,INVALID,613.2
ORD10388,C1170,Laptop,Electronics,1,67.98,2025-08-31,67.98
ORD10389,C1263,Cable,Accessories,2,913.33,2025-03-13,1826.66
ORD10390,C1201,Mouse,Accessories,5,484.61,2025-11-12,2423.05
ORD10391,C1260,Keyboard,Accessories,5,511.2,2025-09-30,2556.0
ORD10392,C1008,Cable,Accessories,5,456.69,2025-07-08,2283.45
ORD10393,C1298,Mouse,Accessories,1,1470.05,2025-06-07,1470.05
ORD10394,C1296,Laptop,Electronics,5,717.14,2025-10-23,3585.7
ORD10395,C1087,Headphones,Audio,1,879.45,2025-09-26,879.45
ORD10396,C1124,Monitor,Electronics,2,1234.28,2025-01-17,2468.56
ORD10397,C1160,Phone,Electronics,2,38.22,2025-08-03,76.44
ORD10398,C1210,Tablet,Electronics,4,1038.85,2025-09-14,4155.4
ORD10399,C1265,Cable,Accessories,1,1061.61,2025-04-17,1061.61
ORD10400,C1160,Mouse,Accessories,4,792.96,2025-03-30,3171.84
ORD10401,C1181,Cable,Accessories,5,520.07,2025-12-13,2600.35
ORD10402,C1126,Keyboard,Accessories,5,731.43,2025-05-23,3657.15
ORD10403,C1152,Keyboard,Accessories,2,1412.81,2025-05-28,2825.62
ORD10404,C1178,Headphones,Audio,4,482.39,2025-10-14,1929.56
ORD10405,C1278,Keyboard,Accessories,3,191.59,2025-07-14,574.77
ORD10406,C1074,Monitor,Electronics,3,1432.37,2025-05-29,4297.11
ORD10407,C1040,Laptop,Electronics,3,1433.42,2025-06-27,4300.26
ORD10408,C1109,Cable,Accessories,3,1123.53,INVALID,3370.59
ORD10409,C1070,Keyboard,Accessories,5,1047.3,2025-02-25,5236.5
ORD10410,C1271,Headphones,Audio,2,85.64,2025-04-26,171.28
ORD10411,C1169,Headphones,Audio,1,159.29,2025-08-30,159.29
ORD10412,C1281,Phone,Electronics,2,17.72,2025-03-22,35.44
ORD10413,C1102,Monitor,Electronics,4,721.4,2025-05-28,2885.6
ORD10414,C1045,Mouse,Accessories,3,972.39,2025-11-30,2917.17
ORD10415,C1019,Headphones,Audio,5,1110.64,2025-03-31,5553.2
ORD10416,C1018,Monitor,Electronics,2,1401.54,2025-07-23,2803.08
ORD10417,C1148,Cable,Accessories,2,1405.55,2025-01-20,2811.1
ORD10418,,Laptop,Electronics,3,856.26,2025-06-21,2568.78
ORD10419,C1278,Keyboard,Accessories,4,1483.76,2025-09-26,5935.04
ORD10420,C1239,Cable,Accessories,2,1278.08,2025-05-20,2556.16
ORD10421,C1234,Headphones,Audio,1,502.72,2025-11-28,502.72
ORD10422,C1172,Keyboard,Accessories,2,30.99,2025-06-01,61.98
ORD10423,C1207,Headphones,Audio,2,920.32,2025-08-07,1840.64
ORD10424,C1048,Mouse,Accessories,1,607.24,2025-04-05,607.24
ORD10425,C1127,Tablet,Electronics,4,492.17,2025-01-04,1968.68
ORD10426,C1136,Keyboard,Accessories,4,360.93,2025-06-18,1443.72
ORD10427,C1005,Keyboard,Accessories,5,1087.09,2025-05-14,5435.45
ORD10428,C1060,Mouse,Accessories,2,102.57,2025-08-27,205.14
ORD10429,C1257,Keyboard,Accessories,2,614.07,2025-12-27,1228.14
ORD10430,C1151,Keyboard,Accessories,1,961.68,2025-07-08,961.68
ORD10431,C1244,Headphones,Audio,2,1436.47,2025-03-20,2872.94
ORD10432,C1281,Cable,Accessories,5,566.7,2025-08-30,2833.5
ORD10433,C1041,Headphones,Audio,2,1023.71,2025-09-27,2047.42
ORD10434,C1039,Cable,Accessories,5,1058.61,2025-10-16,5293.05
ORD10435,C1258,Phone,Electronics,1,1244.87,2025-04-14,1244.87
ORD10436,C1266,Tablet,Electronics,2,498.9,2025-08-15,997.8
ORD10437,C1250,Phone,Electronics,2,1078.21,2025-02-16,2156.42
ORD10438,C1262,Cable,Accessories,1,685.61,2025-08-01,685.61
ORD10439,C1236,Cable,Accessories,5,96.03,2025-12-11,480.15
ORD10440,C1001,Keyboard,Accessories,1,599.96,2025-04-22,599.96
ORD10441,C1032,Phone,Electronics,1,641.31,2025-10-05,641.31
ORD10442,C1241,Laptop,Electronics,1,1479.34,2025-01-17,1479.34
ORD10443,C1069,Keyboard,Accessories,4,278.17,2025-11-25,1112.68
ORD10444,C1195,Monitor,Electronics,3,1489.36,2025-08-18,4468.08
ORD10445,C1276,Monitor,Electronics,4,129.57,2025-03-10,518.28
ORD10446,C1275,Mouse,Accessories,1,275.93,2025-07-21,275.93
ORD10447,C1011,Tablet,Electronics,2,1253.88,INVALID,2507.76
ORD10448,C1194,Cable,Accessories,5,641.95,2025-04-28,3209.75
ORD10449,C1141,Headphones,Audio,4,525.78,2025-04-07,2103.12
ORD10450,C1214,Phone,Electronics,1,1216.12,2025-11-11,1216.12
ORD10451,C1051,Laptop,Electronics,2,317.06,2025-11-01,634.12
ORD10452,C1024,Laptop,Electronics,4,900.7,2025-05-06,3602.8
ORD10453,C1276,Laptop,Electronics,4,664.05,2025-04-22,2656.2
ORD10454,C1148,Laptop,Electronics,2,760.8,2025-04-30,1521.6
ORD10455,C1164,Mouse,Accessories,5,900.9,2025-05-02,4504.5
ORD10456,C1266,Keyboard,Accessories,2,1478.69,2025-04-24,2957.38
ORD10457,C1285,Monitor,Electronics,3,419.98,2025-10-30,1259.94
ORD10458,C1024,Tablet,Electronics,4,838.22,2025-06-26,3352.88
ORD10459,C1213,Monitor,Electronics,5,484.91,2025-07-29,2424.55
ORD10460,C1275,Tablet,Electronics,3,570.93,2025-08-31,1712.79
ORD10461,C1073,Headphones,Audio,2,458.1,2025-08-26,916.2
ORD10462,C1213,Laptop,Electronics,5,624.89,2025-10-13,3124.45
ORD10463,C1104,Tablet,Electronics,4,371.86,2025-06-19,1487.44
ORD10464,C1047,Phone,Electronics,4,1272.23,2025-10-02,5088.92
ORD10465,C1020,Headphones,Audio,1,410.01,2025-02-07,410.01
ORD10466,C1286,Headphones,Audio,5,1089.21,2025-04-22,5446.05
ORD10467,C1170,Cable,Accessories,2,1305.52,2025-06-05,2611.04
ORD10468,C1060,Laptop,Electronics,2,1406.37,2025-09-03,2812.74
ORD10469,C1203,Headphones,Audio,5,1058.62,2025-05-03,5293.1
ORD10470,C1273,Mouse,Accessories,3,577.19,2025-11-29,1731.57
ORD10471,C1262,Mouse,Accessories,3,399.73,2025-09-12,1199.19
ORD10472,C1240,Cable,Accessories,1,1206.2,2025-06-13,1206.2
ORD10473,C1023,Headphones,Audio,3,476.25,2025-10-16,1428.75
ORD10474,C1283,Headphones,Audio,2,34.17,2025-10-27,68.34
ORD10475,C1168,Monitor,Electronics,3,237.09,2025-04-28,711.27
ORD10476,C1255,Monitor,Electronics,5,1251.71,2025-10-09,6258.55
ORD10477,C1250,Mouse,Accessories,3,1147.41,2025-11-25,3442.23
ORD10478,,Cable,Accessories,4,260.67,2025-03-28,1042.68
ORD10479,C1277,Tablet,Electronics,5,737.59,2025-11-25,3687.95
ORD10480,C1038,Laptop,Electronics,5,60.4,2025-12-09,302.0
ORD10481,C1118,Laptop,Electronics,1,624.46,2025-02-04,624.46
ORD10482,C1233,Tablet,Electronics,1,335.89,2025-07-11,335.89
ORD10483,C1247,Laptop,Electronics,5,960.22,INVALID,4801.1
ORD10484,C1282,Cable,Accessories,1,19.85,2025-07-30,19.85
ORD10485,C1140,Laptop,Electronics,1,798.83,2025-10-02,798.83
ORD10486,C1220,Keyboard,Accessories,1,758.3,2025-04-02,758.3
ORD10487,,Phone,Electronics,1,791.33,2025-04-09,791.33
ORD10488,C1203,Keyboard,Accessories,3,408.31,2025-02-10,1224.93
ORD10489,C1124,Mouse,Accessories,4,693.91,2025-12-23,2775.64
ORD10490,,Headphones,Audio,3,1029.22,2025-12-01,3087.66
ORD10491,C1193,Laptop,Electronics,1,613.86,2025-10-10,613.86
ORD10492,C1087,Cable,Accessories,1,958.75,2025-02-12,958.75
ORD10493,C1169,Cable,Accessories,4,970.91,2025-10-17,3883.64
ORD10494,C1117,Phone,Electronics,5,1379.54,2025-04-19,6897.7
ORD10495,C1038,Cable,Accessories,3,79.38,2025-12-17,238.14
ORD10496,C1016,Keyboard,Accessories,5,849.63,2025-04-02,4248.15
ORD10497,C1073,Mouse,Accessories,1,1442.59,2025-12-31,1442.59
ORD10498,C1288,Monitor,Electronics,1,455.92,2025-05-04,455.92
ORD10499,C1071,Monitor,Electronics,5,504.28,2025-12-19,2521.4
ORD10500,,Phone,Electronics,5,1120.73,2025-01-28,5603.65
ORD10501,C1038,Phone,Electronics,4,355.89,2025-06-24,1423.56
ORD10502,C1139,Monitor,Electronics,3,54.14,2025-08-19,162.42
ORD10503,C1192,Cable,Accessories,2,540.16,2025-08-10,1080.32
ORD10504,C1043,Tablet,Electronics,5,994.4,2025-11-13,4972.0
ORD10505,C1042,Keyboard,Accessories,2,1072.53,2025-05-18,2145.06
ORD10506,C1078,Tablet,Electronics,4,1070.4,2025-07-19,4281.6
ORD10507,C1002,Mouse,Accessories,3,168.76,2025-06-07,506.28
ORD10508,,Cable,Accessories,3,1144.41,2025-03-09,3433.23
ORD10509,C1285,Phone,Electronics,2,652.16,2025-10-12,1304.32
ORD10510,C1181,Monitor,Electronics,1,49.13,2025-10-11,49.13
ORD10511,,Phone,Electronics,5,901.09,2025-07-17,4505.45
ORD10512,C1043,Laptop,Electronics,3,626.58,2025-10-14,1879.74
ORD10513,C1194,Headphones,Audio,5,786.45,2025-03-28,3932.25
ORD10514,C1252,Tablet,Electronics,3,458.69,2025-03-16,1376.07
ORD10515,C1215,Phone,Electronics,2,657.67,2025-06-03,1315.34
ORD10516,C1126,Cable,Accessories,1,548.08,2025-11-17,548.08
ORD10517,C1234,Cable,Accessories,5,928.84,2025-02-24,4644.2
ORD10518,C1202,Tablet,Electronics,3,20.08,2025-06-20,60.24
ORD10519,,Monitor,Electronics,3,665.93,2025-11-30,1997.79
ORD10520,C1102,Tablet,Electronics,3,487.79,2025-09-03,1463.37
ORD10521,C1163,Mouse,Accessories,2,1447.22,2025-05-30,2894.44
ORD10522,C1166,Cable,Accessories,5,1175.14,2025-07-12,5875.7
ORD10523,C1288,Keyboard,Accessories,4,553.87,INVALID,2215.48
ORD10524,C1236,Tablet,Electronics,5,50.11,2025-12-29,250.55
ORD10525,C1035,Headphones,Audio,4,1198.55,2025-07-29,4794.2
ORD10526,C1123,Cable,Accessories,2,953.67,2025-05-10,1907.34
ORD10527,C1037,Tablet,Electronics,4,1185.72,2025-08-18,4742.88
ORD10528,C1259,Cable,Accessories,5,607.2,2025-12-21,3036.0
ORD10529,C1184,Monitor,Electronics,5,64.78,2025-12-26,323.9
ORD10530,C1181,Phone,Electronics,1,1155.74,2025-03-27,1155.74
ORD10531,C1204,Laptop,Electronics,5,1475.58,2025-06-19,7377.9
ORD10532,C1132,Monitor,Electronics,1,25.72,2025-04-24,25.72
ORD10533,C1237,Headphones,Audio,4,567.44,2025-12-14,2269.76
ORD10534,C1247,Tablet,Electronics,3,1496.58,2025-02-23,4489.74
ORD10535,C1043,Keyboard,Accessories,4,1381.62,2025-03-01,5526.48
ORD10536,C1233,Tablet,Electronics,3,474.72,2025-04-16,1424.16
ORD10537,C1224,Cable,Accessories,3,719.48,2025-12-23,2158.44
ORD10538,C1022,Cable,Accessories,3,110.09,2025-12-30,330.27
ORD10539,C1055,Phone,Electronics,1,1275.28,2025-12-13,1275.28
ORD10540,C1282,Tablet,Electronics,2,778.83,2025-03-23,1557.66
ORD10541,C1236,Mouse,Accessories,5,645.29,2025-04-29,3226.45
ORD10542,C1221,Monitor,Electronics,2,287.72,2025-07-22,575.44
ORD10543,C1230,Laptop,Electronics,5,1325.82,2025-10-31,6629.1
ORD10544,C1109,Monitor,Electronics,4,16.63,2025-04-16,66.52
ORD10545,C1274,Keyboard,Accessories,1,870.25,2025-04-06,870.25
ORD10546,C1058,Mouse,Accessories,3,303.64,2025-05-15,910.92
ORD10547,C1160,Cable,Accessories,5,1449.22,INVALID,7246.1
ORD10548,C1058,Monitor,Electronics,5,594.89,2025-06-28,2974.45
ORD10549,C1152,Mouse,Accessories,4,929.87,2025-11-11,3719.48
ORD10550,C1122,Phone,Electronics,2,476.65,2025-06-06,953.3
ORD10551,C1072,Phone,Electronics,2,566.23,2025-09-19,1132.46
ORD10552,C1294,Monitor,Electronics,4,898.67,2025-07-16,3594.68
ORD10553,C1275,Monitor,Electronics,2,735.14,2025-12-22,1470.28
ORD10554,C1147,Tablet,Electronics,5,258.63,2025-03-13,1293.15
ORD10555,C1027,Tablet,Electronics,3,1264.56,2025-07-03,3793.68
ORD10556,C1196,Laptop,Electronics,4,213.44,2025-10-15,853.76
ORD10557,C1212,Cable,Accessories,4,1030.2,2025-12-30,4120.8
ORD10558,C1289,Cable,Accessories,4,259.21,2025-01-16,1036.84
ORD10559,C1115,Headphones,Audio,3,58.72,2025-10-03,176.16
ORD10560,C1289,Keyboard,Accessories,2,1173.3,2025-09-11,2346.6
ORD10561,C1278,Phone,Electronics,5,180.17,2025-07-07,900.85
ORD10562,C1217,Laptop,Electronics,4,824.07,2025-02-22,3296.28
ORD10563,C1016,Headphones,Audio,3,1313.47,2025-08-19,3940.41
ORD10564,C1044,Keyboard,Accessories,3,1294.68,2025-08-13,3884.04
ORD10565,C1179,Phone,Electronics,2,322.72,2025-12-30,645.44
ORD10566,C1105,Monitor,Electronics,2,928.07,2025-04-16,1856.14
ORD10567,C1143,Laptop,Electronics,5,532.72,2025-11-02,2663.6
ORD10568,C1149,Tablet,Electronics,3,1468.71,2025-05-29,4406.13
ORD10569,C1048,Keyboard,Accessories,5,1478.38,2025-03-11,7391.9
ORD10570,C1064,Monitor,Electronics,1,1488.8,2025-12-26,1488.8
ORD10571,,Tablet,Electronics,2,227.9,2025-05-07,455.8
ORD10572,C1137,Monitor,Electronics,4,221.84,2025-11-18,887.36
ORD10573,C1047,Monitor,Electronics,4,683.47,2025-07-26,2733.88
ORD10574,C1249,Keyboard,Accessories,3,687.5,2025-06-17,2062.5
ORD10575,C1234,Laptop,Electronics,1,1099.09,2025-11-22,1099.09
ORD10576,C1203,Mouse,Accessories,1,1195.56,2025-04-22,1195.56
ORD10577,C1165,Monitor,Electronics,2,747.13,2025-05-26,1494.26
ORD10578,C1289,Mouse,Accessories,5,871.12,2025-09-06,4355.6
ORD10579,C1235,Mouse,Accessories,1,78.45,2025-01-09,78.45
ORD10580,C1000,Phone,Electronics,2,667.52,2025-08-08,1335.04
ORD10581,C1154,Headphones,Audio,2,1324.4,2025-03-23,2648.8
ORD10582,C1128,Keyboard,Accessories,1,985.34,2025-02-12,985.34
ORD10583,C1156,Mouse,Accessories,2,87.16,2025-12-25,174.32
ORD10584,C1048,Headphones,Audio,4,986.67,2025-01-01,3946.68
ORD10585,C1115,Headphones,Audio,4,126.13,2025-09-23,504.52
ORD10586,C1175,Cable,Accessories,1,22.01,2025-03-03,22.01
ORD10587,C1117,Monitor,Electronics,2,721.77,2025-07-16,1443.54
ORD10588,C1188,Phone,Electronics,1,163.77,2025-06-03,163.77
ORD10589,C1068,Tablet,Electronics,4,1162.46,2025-11-25,4649.84
ORD10590,C1004,Tablet,Electronics,1,800.46,2025-11-09,800.46
ORD10591,C1109,Tablet,Electronics,4,533.27,2025-11-18,2133.08
ORD10592,C1226,Tablet,Electronics,4,927.95,2025-04-22,3711.8
ORD10593,C1063,Phone,Electronics,1,218.62,2025-10-29,218.62
ORD10594,C1161,Monitor,Electronics,3,1445.24,2025-03-13,4335.72
ORD10595,C1127,Headphones,Audio,3,970.48,2025-10-11,2911.44
ORD10596,C1154,Keyboard,Accessories,1,1273.36,2025-04-16,1273.36
ORD10597,C1027,Headphones,Audio,4,450.36,2025-05-03,1801.44
ORD10598,C1255,Cable,Accessories,4,177.99,2025-11-23,711.96
ORD10599,C1006,Phone,Electronics,5,1334.2,2025-07-04,6671.0
ORD10600,C1291,Mouse,Accessories,2,586.39,2025-08-04,1172.78
ORD10601,C1241,Mouse,Accessories,5,1027.58,2025-02-07,5137.9
ORD10602,C1134,Laptop,Electronics,5,110.62,2025-04-21,553.1
ORD10603,C1203,Laptop,Electronics,1,1423.53,2025-09-17,1423.53
ORD10604,C1216,Keyboard,Accessories,5,1152.99,2025-12-26,5764.95
ORD10605,C1275,Monitor,Electronics,1,964.4,2025-11-12,964.4
ORD10606,C1040,Tablet,Electronics,3,134.56,2025-09-19,403.68
ORD10607,C1200,Headphones,Audio,2,809.22,2025-10-28,1618.44
ORD10608,C1122,Phone,Electronics,3,1051.03,2025-01-30,3153.09
ORD10609,C1059,Headphones,Audio,1,1387.7,2025-08-21,1387.7
ORD10610,C1089,Laptop,Electronics,3,1002.46,2025-03-03,3007.38
ORD10611,C1083,Laptop,Electronics,2,1055.23,2025-09-12,2110.46
ORD10612,C1132,Mouse,Accessories,5,780.66,2025-03-27,3903.3
ORD10613,C1137,Mouse,Accessories,2,1127.17,2025-03-02,2254.34
ORD10614,C1139,Laptop,Electronics,3,1212.59,2025-09-26,3637.77
ORD10615,C1295,Phone,Electronics,3,1071.36,2025-11-18,3214.08
ORD10616,C1184,Phone,Electronics,4,688.24,2025-01-29,2752.96
ORD10617,C1080,Cable,Accessories,5,258.65,2025-05-11,1293.25
ORD10618,C1059,Phone,Electronics,5,1014.44,2025-04-27,5072.2
ORD10619,C1006,Laptop,Electronics,1,1289.45,2025-05-06,1289.45
ORD10620,C1076,Laptop,Electronics,4,552.32,2025-04-02,2209.28
ORD10621,C1214,Laptop,Electronics,5,1206.64,2025-04-25,6033.2
ORD10622,C1163,Mouse,Accessories,2,630.22,2025-05-19,1260.44
ORD10623,C1257,Phone,Electronics,5,565.48,2025-12-11,2827.4
ORD10624,C1264,Laptop,Electronics,2,342.55,2025-01-24,685.1
ORD10625,C1144,Monitor,Electronics,1,1316.72,2025-06-09,1316.72
ORD10626,C1004,Mouse,Accessories,1,834.11,2025-07-08,834.11
ORD10627,C1155,Headphones,Audio,3,850.07,2025-11-15,2550.21
ORD10628,C1252,Headphones,Audio,4,558.73,2025-04-11,2234.92
ORD10629,C1209,Headphones,Audio,2,19.5,2025-01-13,39.0
ORD10630,C1004,Headphones,Audio,5,526.17,2025-06-21,2630.85
ORD10631,C1157,Laptop,Electronics,4,1275.02,2025-02-23,5100.08
ORD10632,C1214,Headphones,Audio,5,1474.84,2025-09-09,7374.2
ORD10633,C1047,Laptop,Electronics,2,1070.36,2025-01-23,2140.72
ORD10634,C1190,Headphones,Audio,5,625.45,2025-08-23,3127.25
ORD10635,C1068,Phone,Electronics,5,152.41,2025-11-23,762.05
ORD10636,C1031,Monitor,Electronics,1,891.92,2025-08-11,891.92
ORD10637,C1161,Tablet,Electronics,2,444.6,2025-07-21,889.2
ORD10638,C1119,Mouse,Accessories,3,684.61,2025-02-08,2053.83
ORD10639,C1299,Headphones,Audio,2,1172.11,2025-02-25,2344.22
ORD10640,C1238,Tablet,Electronics,1,254.92,2025-06-10,254.92
ORD10641,C1106,Monitor,Electronics,1,808.53,2025-08-20,808.53
ORD10642,C1061,Keyboard,Accessories,4,404.86,2025-02-16,1619.44
ORD10643,C1020,Tablet,Electronics,3,1241.32,2025-04-21,3723.96
ORD10644,C1127,Mouse,Accessories,2,145.91,2025-07-02,291.82
ORD10645,C1153,Monitor,Electronics,5,82.94,2025-05-14,414.7
ORD10646,C1231,Tablet,Electronics,1,1428.62,2025-10-12,1428.62
ORD10647,C1071,Headphones,Audio,1,698.44,2025-03-04,698.44
ORD10648,C1113,Laptop,Electronics,1,1247.25,2025-03-08,1247.25
ORD10649,C1043,Headphones,Audio,4,564.64,2025-10-26,2258.56
ORD10650,C1033,Keyboard,Accessories,1,42.48,2025-04-12,42.48
ORD10651,C1169,Cable,Accessories,2,147.05,2025-03-04,294.1
ORD10652,,Laptop,Electronics,4,85.45,2025-08-10,341.8
ORD10653,C1218,Monitor,Electronics,4,53.93,2025-03-30,215.72
ORD10654,C1140,Mouse,Accessories,2,1363.37,2025-05-24,2726.74
ORD10655,C1125,Cable,Accessories,2,61.63,2025-11-28,123.26
ORD10656,C1281,Keyboard,Accessories,4,623.87,2025-09-03,2495.48
ORD10657,,Laptop,Electronics,1,426.87,2025-08-03,426.87
ORD10658,C1278,Headphones,Audio,5,381.23,2025-01-10,1906.15
ORD10659,C1248,Monitor,Electronics,3,724.73,2025-06-26,2174.19
ORD10660,C1013,Mouse,Accessories,4,412.95,2025-06-13,1651.8
ORD10661,C1143,Headphones,Audio,1,1344.69,2025-01-30,1344.69
ORD10662,C1299,Cable,Accessories,5,542.58,2025-04-30,2712.9
ORD10663,C1123,Tablet,Electronics,1,379.31,2025-05-17,379.31
ORD10664,C1198,Laptop,Electronics,2,867.78,2025-07-01,1735.56
ORD10665,C1162,Tablet,Electronics,2,362.46,2025-12-24,724.92
ORD10666,C1180,Mouse,Accessories,5,52.03,2025-10-18,260.15
ORD10667,C1252,Tablet,Electronics,5,1423.07,2025-10-05,7115.35
ORD10668,C1046,Keyboard,Accessories,2,740.75,2025-01-29,1481.5
ORD10669,C1269,Headphones,Audio,5,336.03,2025-09-02,1680.15
ORD10670,C1103,Laptop,Electronics,3,1377.67,2025-03-08,4133.01
ORD10671,C1165,Mouse,Accessories,2,1378.98,2025-01-31,2757.96
ORD10672,C1072,Laptop,Electronics,2,884.05,2025-02-26,1768.1
ORD10673,C1202,Mouse,Accessories,1,566.65,2025-10-28,566.65
ORD10674,C1069,Phone,Electronics,3,459.63,2025-03-22,1378.89
ORD10675,C1089,Monitor,Electronics,4,977.28,2025-12-29,3909.12
ORD10676,C1089,Mouse,Accessories,2,1001.64,2025-07-13,2003.28
ORD10677,C1000,Keyboard,Accessories,3,199.75,2025-12-26,599.25
ORD10678,C1162,Monitor,Electronics,5,58.25,2025-11-10,291.25
ORD10679,C1254,Headphones,Audio,5,165.12,2025-03-14,825.6
ORD10680,C1163,Mouse,Accessories,1,364.61,2025-03-27,364.61
ORD10681,C1135,Phone,Electronics,3,675.48,2025-04-18,2026.44
ORD10682,C1055,Headphones,Audio,1,532.22,2025-01-01,532.22
ORD10683,C1214,Laptop,Electronics,4,662.95,2025-03-27,2651.8
ORD10684,C1179,Monitor,Electronics,4,1323.84,2025-10-07,5295.36
ORD10685,C1295,Monitor,Electronics,1,1244.92,2025-11-30,1244.92
ORD10686,C1017,Headphones,Audio,2,682.42,2025-05-31,1364.84
ORD10687,C1053,Laptop,Electronics,3,399.08,2025-02-07,1197.24
ORD10688,C1082,Mouse,Accessories,2,1333.02,INVALID,2666.04
ORD10689,C1247,Phone,Electronics,3,895.11,2025-12-27,2685.33
ORD10690,C1084,Laptop,Electronics,4,1414.24,2025-11-07,5656.96
ORD10691,C1169,Monitor,Electronics,2,89.8,2025-04-16,179.6
ORD10692,C1276,Headphones,Audio,4,1048.82,2025-05-16,4195.28
ORD10693,C1025,Keyboard,Accessories,3,363.95,2025-07-21,1091.85
ORD10694,C1001,Cable,Accessories,2,91.21,2025-08-07,182.42
ORD10695,C1245,Phone,Electronics,3,1237.61,2025-04-13,3712.83
ORD10696,C1149,Phone,Electronics,1,318.36,2025-02-11,318.36
ORD10697,C1203,Cable,Accessories,1,469.45,2025-08-30,469.45
ORD10698,C1278,Cable,Accessories,3,145.79,2025-07-18,437.37
ORD10699,C1189,Tablet,Electronics,3,1329.38,2025-04-06,3988.14
ORD10700,C1238,Cable,Accessories,1,402.31,2025-05-15,402.31
ORD10701,C1077,Headphones,Audio,3,850.73,2025-12-23,2552.19
ORD10702,C1277,Phone,Electronics,1,1005.53,2025-07-31,1005.53
ORD10703,C1198,Headphones,Audio,5,100.87,2025-09-25,504.35
ORD10704,C1243,Monitor,Electronics,5,1033.73,2025-10-21,5168.65
ORD10705,C1202,Headphones,Audio,4,455.29,2026-01-01,1821.16
ORD10706,C1264,Laptop,Electronics,5,861.12,2025-10-20,4305.6
ORD10707,C1229,Tablet,Electronics,1,1424.39,2025-03-30,1424.39
ORD10708,C1064,Tablet,Electronics,2,1214.61,2025-01-22,2429.22
ORD10709,C1222,Monitor,Electronics,1,1482.54,2025-04-14,1482.54
ORD10710,C1034,Tablet,Electronics,5,394.25,2025-02-14,1971.25
ORD10711,C1166,Monitor,Electronics,5,602.06,2025-05-22,3010.3
ORD10712,C1267,Cable,Accessories,1,1181.96,2025-08-03,1181.96
ORD10713,C1290,Phone,Electronics,4,232.97,2025-10-29,931.88
ORD10714,C1051,Phone,Electronics,1,848.4,2025-05-27,848.4
ORD10715,C1248,Mouse,Accessories,4,403.56,2025-10-20,1614.24
ORD10716,C1206,Cable,Accessories,1,266.58,2025-03-15,266.58
ORD10717,C1169,Monitor,Electronics,1,599.73,INVALID,599.73
ORD10718,C1137,Headphones,Audio,1,1121.17,2025-07-10,1121.17
ORD10719,C1155,Laptop,Electronics,3,1227.91,2025-06-09,3683.73
ORD10720,C1050,Keyboard,Accessories,4,1288.77,2025-04-27,5155.08
ORD10721,C1226,Tablet,Electronics,3,1461.59,2025-06-14,4384.77
ORD10722,C1045,Keyboard,Accessories,4,911.42,2025-04-07,3645.68
ORD10723,C1208,Cable,Accessories,2,1371.01,2025-09-06,2742.02
ORD10724,C1081,Mouse,Accessories,1,777.75,2025-02-03,777.75
ORD10725,C1268,Keyboard,Accessories,5,611.04,2025-10-19,3055.2
ORD10726,C1102,Laptop,Electronics,2,297.22,2025-01-30,594.44
ORD10727,C1184,Headphones,Audio,1,690.11,2025-12-27,690.11
ORD10728,C1237,Headphones,Audio,3,558.84,2025-09-16,1676.52
ORD10729,C1123,Monitor,Electronics,1,1024.95,2025-07-10,1024.95
ORD10730,C1242,Cable,Accessories,5,674.69,2025-10-28,3373.45
ORD10731,C1132,Mouse,Accessories,3,253.64,2025-12-19,760.92
ORD10732,C1025,Phone,Electronics,3,50.9,2025-03-25,152.7
ORD10733,C1105,Headphones,Audio,2,974.6,2025-05-18,1949.2
ORD10734,C1004,Monitor,Electronics,5,39.88,2025-08-31,199.4
ORD10735,C1004,Tablet,Electronics,2,905.7,2025-04-25,1811.4
ORD10736,C1156,Keyboard,Accessories,5,1209.58,2025-12-31,6047.9
ORD10737,C1178,Keyboard,Accessories,4,1344.27,2025-08-24,5377.08
ORD10738,C1266,Keyboard,Accessories,2,705.38,2025-11-16,1410.76
ORD10739,C1261,Monitor,Electronics,5,162.45,2025-12-06,812.25
ORD10740,C1144,Mouse,Accessories,5,974.54,2025-06-02,4872.7
ORD10741,C1141,Phone,Electronics,4,105.12,2025-11-24,420.48
ORD10742,C1152,Mouse,Accessories,3,399.11,2025-04-07,1197.33
ORD10743,C1029,Tablet,Electronics,5,1150.56,2025-11-04,5752.8
ORD10744,C1013,Monitor,Electronics,3,1024.33,2025-12-02,3072.99
ORD10745,,Cable,Accessories,3,396.55,2025-07-27,1189.65
ORD10746,C1292,Monitor,Electronics,1,878.71,2025-04-08,878.71
ORD10747,C1243,Mouse,Accessories,2,1032.61,2025-12-10,2065.22
ORD10748,C1087,Mouse,Accessories,5,457.29,2025-12-03,2286.45
ORD10749,C1065,Tablet,Electronics,3,155.43,2025-05-13,466.29
ORD10750,C1113,Tablet,Electronics,3,985.11,2025-07-01,2955.33
ORD10751,C1169,Headphones,Audio,3,636.5,2025-07-10,1909.5
ORD10752,C1060,Keyboard,Accessories,5,448.14,2025-08-29,2240.7
ORD10753,C1036,Laptop,Electronics,5,874.67,2025-08-30,4373.35
ORD10754,C1195,Headphones,Audio,5,188.53,2025-09-29,942.65
ORD10755,C1077,Keyboard,Accessories,4,90.55,2025-03-12,362.2
ORD10756,C1291,Headphones,Audio,3,619.7,2025-08-23,1859.1
ORD10757,C1092,Tablet,Electronics,3,1294.97,2025-02-11,3884.91
ORD10758,C1090,Cable,Accessories,3,950.24,2025-06-10,2850.72
ORD10759,C1107,Laptop,Electronics,1,683.56,2025-03-28,683.56
ORD10760,C1045,Tablet,Electronics,4,1179.96,2025-03-08,4719.84
ORD10761,C1244,Monitor,Electronics,4,611.06,2025-07-16,2444.24
ORD10762,C1191,Laptop,Electronics,1,805.34,2025-01-08,805.34
ORD10763,C1002,Mouse,Accessories,5,293.96,2025-11-17,1469.8
ORD10764,C1176,Headphones,Audio,2,1043.35,2025-06-09,2086.7
ORD10765,C1156,Tablet,Electronics,1,581.49,2025-03-27,581.49
ORD10766,C1148,Phone,Electronics,1,454.32,2025-08-22,454.32
ORD10767,C1068,Mouse,Accessories,4,1333.08,2025-06-25,5332.32
ORD10768,C1084,Cable,Accessories,3,1127.67,2025-07-26,3383.01
ORD10769,C1067,Laptop,Electronics,2,344.24,2025-04-19,688.48
ORD10770,C1063,Laptop,Electronics,5,761.9,2025-07-07,3809.5
ORD10771,C1130,Laptop,Electronics,4,1316.05,2025-10-01,5264.2
ORD10772,C1055,Laptop,Electronics,5,1492.07,2025-12-01,7460.35
ORD10773,C1213,Laptop,Electronics,1,1037.73,2025-08-16,1037.73
ORD10774,C1242,Monitor,Electronics,1,825.45,2025-12-26,825.45
ORD10775,C1004,Tablet,Electronics,2,1045.84,2025-06-04,2091.68
ORD10776,C1138,Monitor,Electronics,1,997.1,2025-11-15,997.1
ORD10777,C1053,Tablet,Electronics,4,1247.67,INVALID,4990.68
ORD10778,C1054,Phone,Electronics,3,179.88,INVALID,539.64
ORD10779,C1134,Headphones,Audio,5,307.63,2025-09-25,1538.15
ORD10780,C1151,Headphones,Audio,3,1058.12,2025-03-24,3174.36
ORD10781,C1106,Laptop,Electronics,5,749.57,2025-12-19,3747.85
ORD10782,C1006,Cable,Accessories,3,359.41,2025-12-10,1078.23
ORD10783,C1252,Phone,Electronics,1,1254.5,2025-03-18,1254.5
ORD10784,C1051,Phone,Electronics,5,121.82,2025-05-12,609.1
ORD10785,C1151,Headphones,Audio,4,1483.11,2025-05-16,5932.44
ORD10786,C1089,Cable,Accessories,1,158.72,2025-01-21,158.72
ORD10787,C1160,Keyboard,Accessories,3,1204.38,2025-08-07,3613.14
ORD10788,C1023,Phone,Electronics,1,1278.36,2025-01-05,1278.36
ORD10789,C1224,Tablet,Electronics,2,499.7,2025-11-15,999.4
ORD10790,C1175,Keyboard,Accessories,1,565.21,2025-04-04,565.21
ORD10791,C1233,Phone,Electronics,4,606.37,2025-05-20,2425.48
ORD10792,C1085,Monitor,Electronics,4,1201.85,2025-02-27,4807.4
ORD10793,C1081,Tablet,Electronics,1,1472.54,2025-02-23,1472.54
ORD10794,C1291,Monitor,Electronics,5,729.19,2025-12-14,3645.95
ORD10795,C1183,Cable,Accessories,2,920.87,2025-11-10,1841.74
ORD10796,C1249,Laptop,Electronics,2,729.79,2025-02-27,1459.58
ORD10797,C1133,Monitor,Electronics,4,78.5,2025-12-02,314.0
ORD10798,C1268,Mouse,Accessories,1,1059.81,2025-10-23,1059.81
ORD10799,C1048,Headphones,Audio,3,783.46,2025-08-10,2350.38
ORD10800,C1197,Headphones,Audio,4,525.17,2025-03-18,2100.68
ORD10801,C1080,Laptop,Electronics,1,968.66,2025-09-16,968.66
ORD10802,C1038,Cable,Accessories,4,1305.43,2025-09-09,5221.72
ORD10803,C1142,Mouse,Accessories,2,503.03,2025-01-26,1006.06
ORD10804,C1206,Headphones,Audio,5,968.54,2025-05-01,4842.7
ORD10805,C1293,Phone,Electronics,4,671.84,2025-08-18,2687.36
ORD10806,C1060,Phone,Electronics,4,676.13,2025-09-12,2704.52
ORD10807,C1018,Laptop,Electronics,1,611.13,2025-10-13,611.13
ORD10808,C1155,Laptop,Electronics,1,1189.76,2025-09-18,1189.76
ORD10809,C1186,Headphones,Audio,4,1426.03,2025-01-28,5704.12
ORD10810,C1242,Headphones,Audio,4,504.64,2025-12-03,2018.56
ORD10811,C1113,Mouse,Accessories,4,179.89,2025-01-02,719.56
ORD10812,C1149,Mouse,Accessories,3,1246.53,2025-10-08,3739.59
ORD10813,C1084,Mouse,Accessories,1,78.21,2025-09-10,78.21
ORD10814,C1100,Tablet,Electronics,4,169.37,2025-04-07,677.48
ORD10815,C1097,Phone,Electronics,4,331.23,2025-06-23,1324.92
ORD10816,C1063,Phone,Electronics,4,79.29,2025-08-19,317.16
ORD10817,C1068,Cable,Accessories,5,1434.72,2025-09-13,7173.6
ORD10818,C1283,Laptop,Electronics,5,1106.96,2025-08-10,5534.8
ORD10819,C1090,Cable,Accessories,5,1173.81,2025-12-21,5869.05
ORD10820,C1164,Tablet,Electronics,2,164.3,2025-09-16,328.6
ORD10821,C1127,Monitor,Electronics,4,1469.46,2025-05-21,5877.84
ORD10822,C1231,Monitor,Electronics,3,1456.03,2025-03-10,4368.09
ORD10823,C1262,Tablet,Electronics,4,907.76,2025-06-03,3631.04
ORD10824,C1102,Mouse,Accessories,5,952.55,2025-04-18,4762.75
ORD10825,C1067,Keyboard,Accessories,3,1382.58,2025-12-30,4147.74
ORD10826,C1165,Tablet,Electronics,5,818.31,2025-12-30,4091.55
ORD10827,C1298,Phone,Electronics,3,847.8,2025-10-20,2543.4
ORD10828,C1216,Monitor,Electronics,5,436.03,2025-01-07,2180.15
ORD10829,C1027,Phone,Electronics,1,577.5,2025-12-10,577.5
ORD10830,C1082,Laptop,Electronics,2,407.8,2025-05-27,815.6
ORD10831,C1151,Keyboard,Accessories,2,1260.68,2025-04-15,2521.36
ORD10832,C1052,Laptop,Electronics,3,1222.9,2025-11-12,3668.7
ORD10833,C1261,Headphones,Audio,5,589.44,2025-12-23,2947.2
ORD10834,C1198,Keyboard,Accessories,1,1390.46,2025-08-02,1390.46
ORD10835,C1128,Mouse,Accessories,5,90.17,2025-04-14,450.85
ORD10836,,Cable,Accessories,2,1368.11,2025-10-29,2736.22
ORD10837,C1090,Headphones,Audio,2,448.32,2025-12-16,896.64
ORD10838,C1263,Phone,Electronics,2,1444.09,2025-03-03,2888.18
ORD10839,C1284,Monitor,Electronics,1,648.48,2025-05-16,648.48
ORD10840,C1130,Tablet,Electronics,2,880.14,2025-01-03,1760.28
ORD10841,C1079,Mouse,Accessories,4,1067.44,2025-01-21,4269.76
ORD10842,C1154,Tablet,Electronics,3,899.35,2025-09-09,2698.05
ORD10843,C1162,Mouse,Accessories,1,1178.21,2025-09-27,1178.21
ORD10844,C1258,Headphones,Audio,2,785.7,2025-03-23,1571.4
ORD10845,C1047,Monitor,Electronics,5,810.18,2025-06-28,4050.9
ORD10846,C1169,Headphones,Audio,2,998.37,2025-07-04,1996.74
ORD10847,C1271,Keyboard,Accessories,2,1425.96,2025-09-01,2851.92
ORD10848,C1228,Laptop,Electronics,1,1006.72,2025-05-04,1006.72
ORD10849,C1164,Headphones,Audio,1,1027.0,2025-07-15,1027.0
ORD10850,C1144,Phone,Electronics,4,392.32,2025-01-13,1569.28
ORD10851,C1228,Mouse,Accessories,5,1206.2,2025-09-07,6031.0
ORD10852,C1098,Laptop,Electronics,3,1348.44,2025-06-14,4045.32
ORD10853,C1275,Phone,Electronics,1,259.42,2025-10-01,259.42
ORD10854,C1109,Laptop,Electronics,1,324.06,2025-12-17,324.06
ORD10855,C1222,Monitor,Electronics,1,316.31,2025-11-28,316.31
ORD10856,C1169,Phone,Electronics,2,45.39,2025-01-20,90.78
ORD10857,C1128,Phone,Electronics,1,90.86,2025-10-13,90.86
ORD10858,C1132,Phone,Electronics,5,1234.21,2025-07-28,6171.05
ORD10859,C1221,Monitor,Electronics,4,949.02,2025-06-11,3796.08
ORD10860,C1273,Laptop,Electronics,4,1013.22,2025-01-04,4052.88
ORD10861,C1037,Phone,Electronics,5,77.82,2025-07-03,389.1
ORD10862,C1154,Phone,Electronics,3,1182.47,2025-11-07,3547.41
ORD10863,C1224,Phone,Electronics,3,1150.26,2025-07-15,3450.78
ORD10864,C1273,Monitor,Electronics,1,716.24,2025-04-23,716.24
ORD10865,C1279,Tablet,Electronics,4,1197.19,2025-06-01,4788.76
ORD10866,C1191,Tablet,Electronics,3,1019.16,2025-01-06,3057.48
ORD10867,C1293,Tablet,Electronics,1,72.24,2025-11-02,72.24
ORD10868,C1043,Monitor,Electronics,5,825.81,2025-06-06,4129.05
ORD10869,C1262,Headphones,Audio,3,325.49,2025-03-14,976.47
ORD10870,C1129,Tablet,Electronics,2,338.97,2025-04-10,677.94
ORD10871,C1290,Phone,Electronics,2,1009.76,2025-01-28,2019.52
ORD10872,C1034,Cable,Accessories,5,118.99,2025-05-09,594.95
ORD10873,C1249,Phone,Electronics,2,1091.13,2025-06-19,2182.26
ORD10874,C1120,Mouse,Accessories,2,1010.23,2025-02-21,2020.46
ORD10875,C1099,Keyboard,Accessories,5,114.02,2025-06-12,570.1
ORD10876,C1156,Cable,Accessories,4,499.24,2025-12-22,1996.96
ORD10877,C1161,Tablet,Electronics,5,854.62,2025-08-08,4273.1
ORD10878,C1113,Tablet,Electronics,1,476.69,2025-12-31,476.69
ORD10879,C1068,Monitor,Electronics,3,1261.76,2025-12-14,3785.28
ORD10880,C1183,Mouse,Accessories,4,699.64,2025-06-06,2798.56
ORD10881,C1041,Cable,Accessories,5,172.16,2025-05-24,860.8
ORD10882,C1039,Tablet,Electronics,5,302.68,2025-02-08,1513.4
ORD10883,C1297,Laptop,Electronics,5,951.12,2025-10-24,4755.6
ORD10884,C1018,Monitor,Electronics,5,327.01,2025-10-10,1635.05
ORD10885,C1276,Keyboard,Accessories,5,1342.04,2025-08-30,6710.2
ORD10886,C1148,Tablet,Electronics,3,594.82,2025-03-10,1784.46
ORD10887,C1203,Cable,Accessories,5,770.51,2025-07-06,3852.55
ORD10888,,Laptop,Electronics,2,1273.49,2025-09-21,2546.98
ORD10889,C1289,Tablet,Electronics,4,247.24,2025-10-17,988.96
ORD10890,C1020,Tablet,Electronics,4,1409.37,2025-04-23,5637.48
ORD10891,C1189,Cable,Accessories,2,103.66,2025-04-30,207.32
ORD10892,C1184,Laptop,Electronics,2,781.65,2025-07-18,1563.3
ORD10893,C1020,Cable,Accessories,4,1323.51,2025-11-29,5294.04
ORD10894,C1266,Mouse,Accessories,1,1058.57,2025-11-21,1058.57
ORD10895,C1291,Keyboard,Accessories,3,872.16,2025-03-31,2616.48
ORD10896,C1039,Monitor,Electronics,4,554.29,2025-09-22,2217.16
ORD10897,C1114,Keyboard,Accessories,4,1459.28,2025-09-22,5837.12
ORD10898,C1176,Monitor,Electronics,3,1227.68,2025-09-07,3683.04
ORD10899,C1071,Cable,Accessories,5,19.83,2025-08-14,99.15
ORD10900,C1143,Tablet,Electronics,2,124.86,2025-04-19,249.72
ORD10901,C1060,Tablet,Electronics,2,244.46,2025-12-05,488.92
ORD10902,C1058,Headphones,Audio,4,1218.65,2025-09-04,4874.6
ORD10903,C1082,Cable,Accessories,4,323.95,2025-11-28,1295.8
ORD10904,C1065,Monitor,Electronics,1,373.07,2025-10-21,373.07
ORD10905,C1020,Tablet,Electronics,2,948.02,2025-10-21,1896.04
ORD10906,C1092,Tablet,Electronics,1,257.85,2025-09-22,257.85
ORD10907,C1009,Monitor,Electronics,5,1454.17,2025-12-05,7270.85
ORD10908,C1241,Keyboard,Accessories,1,332.72,2025-09-04,332.72
ORD10909,C1073,Tablet,Electronics,2,1247.24,2025-10-26,2494.48
ORD10910,C1135,Tablet,Electronics,5,992.88,2025-03-27,4964.4
ORD10911,C1035,Mouse,Accessories,4,898.83,2025-04-28,3595.32
ORD10912,C1008,Monitor,Electronics,4,207.0,2025-04-14,828.0
ORD10913,C1090,Monitor,Electronics,2,912.21,2025-09-01,1824.42
ORD10914,C1060,Laptop,Electronics,5,759.96,2025-02-17,3799.8
ORD10915,C1276,Cable,Accessories,2,1353.96,2025-01-01,2707.92
ORD10916,C1022,Monitor,Electronics,5,636.82,2025-12-24,3184.1
ORD10917,C1246,Monitor,Electronics,2,1408.25,2025-07-15,2816.5
ORD10918,C1294,Mouse,Accessories,5,1208.89,2025-02-20,6044.45
ORD10919,C1119,Monitor,Electronics,2,389.23,2025-02-12,778.46
ORD10920,C1209,Keyboard,Accessories,5,1316.38,2025-05-12,6581.9
ORD10921,C1003,Headphones,Audio,1,1066.63,2025-10-23,1066.63
ORD10922,C1105,Phone,Electronics,5,20.72,2025-12-19,103.6
ORD10923,C1079,Mouse,Accessories,4,549.78,2025-08-07,2199.12
ORD10924,C1216,Keyboard,Accessories,3,1283.92,2025-10-17,3851.76
ORD10925,C1203,Mouse,Accessories,5,420.59,2025-04-15,2102.95
ORD10926,C1247,Monitor,Electronics,5,1177.84,2025-04-02,5889.2
ORD10927,C1129,Mouse,Accessories,5,836.82,2025-06-07,4184.1
ORD10928,C1060,Mouse,Accessories,4,1106.32,2025-04-28,4425.28
ORD10929,C1260,Cable,Accessories,2,159.42,2025-07-25,318.84
ORD10930,,Mouse,Accessories,5,924.9,2025-03-24,4624.5
ORD10931,C1074,Monitor,Electronics,1,1208.51,2025-08-30,1208.51
ORD10932,C1113,Monitor,Electronics,1,105.48,2025-07-09,105.48
ORD10933,C1196,Phone,Electronics,5,66.26,2025-07-25,331.3
ORD10934,,Keyboard,Accessories,5,95.62,2025-11-24,478.1
ORD10935,C1265,Cable,Accessories,4,25.96,2025-05-27,103.84
ORD10936,C1261,Headphones,Audio,1,1178.1,2025-09-22,1178.1
ORD10937,C1018,Headphones,Audio,5,262.53,2025-07-04,1312.65
ORD10938,C1044,Headphones,Audio,1,1463.71,2025-05-22,1463.71
ORD10939,,Monitor,Electronics,3,1007.8,2025-10-28,3023.4
ORD10940,C1035,Headphones,Audio,5,32.9,2025-02-16,164.5
ORD10941,C1178,Keyboard,Accessories,5,1373.36,2025-06-27,6866.8
ORD10942,C1099,Keyboard,Accessories,2,913.48,2025-08-21,1826.96
ORD10943,C1089,Monitor,Electronics,5,16.93,2025-07-28,84.65
ORD10944,C1150,Phone,Electronics,5,117.86,2025-06-24,589.3
ORD10945,C1275,Phone,Electronics,5,1435.5,2025-10-22,7177.5
ORD10946,C1288,Keyboard,Accessories,4,1449.42,2025-09-05,5797.68
ORD10947,C1234,Headphones,Audio,3,1442.25,2025-12-15,4326.75
ORD10948,C1246,Cable,Accessories,5,1294.41,2025-03-01,6472.05
ORD10949,C1112,Keyboard,Accessories,1,580.18,2025-12-13,580.18
ORD10950,C1180,Headphones,Audio,3,624.51,2025-09-22,1873.53
ORD10951,C1047,Laptop,Electronics,3,379.9,2025-07-24,1139.7
ORD10952,C1091,Mouse,Accessories,1,836.28,2025-09-01,836.28
ORD10953,C1293,Mouse,Accessories,3,335.66,2025-05-18,1006.98
ORD10954,C1102,Tablet,Electronics,2,753.51,2025-05-01,1507.02
ORD10955,C1103,Headphones,Audio,3,318.1,2025-05-08,954.3
ORD10956,C1061,Mouse,Accessories,2,1170.62,2025-02-10,2341.24
ORD10957,C1277,Cable,Accessories,5,19.87,2025-01-22,99.35
ORD10958,C1252,Cable,Accessories,3,934.79,2025-10-22,2804.37
ORD10959,C1261,Keyboard,Accessories,4,282.48,INVALID,1129.92
ORD10960,C1065,Monitor,Electronics,2,1127.75,2025-01-28,2255.5
ORD10961,C1016,Monitor,Electronics,4,1410.09,2025-09-15,5640.36
ORD10962,C1089,Mouse,Accessories,4,1292.0,2025-08-23,5168.0
ORD10963,C1004,Phone,Electronics,5,695.51,2025-01-07,3477.55
ORD10964,C1166,Headphones,Audio,4,875.7,2025-07-05,3502.8
ORD10965,C1121,Keyboard,Accessories,2,827.36,2025-05-18,1654.72
ORD10966,C1094,Cable,Accessories,5,521.21,2025-09-13,2606.05
ORD10967,C1190,Monitor,Electronics,2,634.45,2025-07-06,1268.9
ORD10968,C1292,Monitor,Electronics,3,681.59,2025-03-09,2044.77
ORD10969,C1120,Headphones,Audio,1,1084.02,2025-10-12,1084.02
ORD10970,C1076,Monitor,Electronics,4,302.13,2025-08-31,1208.52
ORD10971,C1068,Laptop,Electronics,2,638.07,2025-11-19,1276.14
ORD10972,C1287,Mouse,Accessories,4,457.05,2025-10-18,1828.2
ORD10973,C1083,Laptop,Electronics,4,157.47,2025-01-31,629.88
ORD10974,C1049,Headphones,Audio,3,720.04,2025-08-19,2160.12
ORD10975,C1286,Mouse,Accessories,3,547.83,2025-10-13,1643.49
ORD10976,C1062,Keyboard,Accessories,3,39.55,2025-06-29,118.65
ORD10977,C1275,Headphones,Audio,5,868.08,2025-03-31,4340.4
ORD10978,C1261,Keyboard,Accessories,3,494.38,2025-09-07,1483.14
ORD10979,,Cable,Accessories,1,577.8,2025-08-26,577.8
ORD10980,C1172,Tablet,Electronics,2,964.47,2025-08-04,1928.94
ORD10981,C1175,Monitor,Electronics,1,127.88,2025-04-27,127.88
ORD10982,C1136,Mouse,Accessories,3,982.99,2025-11-06,2948.97
ORD10983,C1185,Monitor,Electronics,3,1332.66,2025-10-28,3997.98
ORD10984,C1011,Cable,Accessories,4,259.3,2025-03-06,1037.2
ORD10985,C1040,Headphones,Audio,3,1411.25,2025-04-18,4233.75
ORD10986,,Tablet,Electronics,4,163.48,2025-08-31,653.92
ORD10987,C1268,Laptop,Electronics,1,1158.69,2025-02-12,1158.69
ORD10988,C1043,Phone,Electronics,3,930.97,2025-12-02,2792.91
ORD10989,C1145,Monitor,Electronics,3,351.74,2025-08-15,1055.22
ORD10990,C1087,Tablet,Electronics,2,794.85,2025-01-15,1589.7
ORD10991,C1166,Laptop,Electronics,3,1291.95,2025-09-01,3875.85
ORD10992,C1280,Cable,Accessories,5,1402.94,2025-08-16,7014.7
ORD10993,C1233,Tablet,Electronics,5,273.78,2025-11-20,1368.9
ORD10994,C1273,Monitor,Electronics,5,963.28,2025-06-08,4816.4
ORD10995,C1045,Mouse,Accessories,4,814.11,2025-08-15,3256.44
ORD10996,C1079,Keyboard,Accessories,3,624.18,2025-06-05,1872.54
ORD10997,C1069,Laptop,Electronics,1,789.74,2025-06-26,789.74
ORD10998,C1251,Keyboard,Accessories,4,807.3,2025-09-02,3229.2
ORD10999,C1149,Keyboard,Accessories,1,1151.15,2025-11-02,1151.15
ORD11000,C1096,Headphones,Audio,1,826.84,2025-07-30,826.84
ORD11001,C1199,Monitor,Electronics,4,382.35,2025-07-13,1529.4
ORD11002,C1122,Headphones,Audio,3,128.02,2025-09-22,384.06
ORD11003,C1272,Keyboard,Accessories,3,976.2,2025-05-18,2928.6
ORD11004,C1093,Monitor,Electronics,2,1281.69,2025-03-11,2563.38
ORD11005,C1231,Keyboard,Accessories,1,958.97,2025-05-20,958.97
ORD11006,C1077,Cable,Accessories,2,487.76,2025-01-26,975.52
ORD11007,C1144,Laptop,Electronics,2,1458.78,2025-05-18,2917.56
ORD11008,C1119,Tablet,Electronics,4,1093.39,2025-02-16,4373.56
ORD11009,C1175,Tablet,Electronics,1,745.43,2025-08-04,745.43
ORD11010,C1237,Keyboard,Accessories,4,1496.97,2025-12-23,5987.88
ORD11011,C1074,Laptop,Electronics,3,129.53,2025-01-29,388.59
ORD11012,C1240,Keyboard,Accessories,4,116.36,2025-04-03,465.44
ORD11013,C1006,Headphones,Audio,3,1227.7,2025-03-04,3683.1
ORD11014,C1226,Headphones,Audio,4,1159.13,2025-05-07,4636.52
ORD11015,C1048,Laptop,Electronics,2,696.64,2025-09-24,1393.28
ORD11016,C1159,Headphones,Audio,4,589.79,2025-06-15,2359.16
ORD11017,C1281,Tablet,Electronics,1,1119.64,2025-09-24,1119.64
ORD11018,C1152,Phone,Electronics,3,727.03,2025-04-12,2181.09
ORD11019,C1111,Mouse,Accessories,1,1296.85,2025-02-27,1296.85
ORD11020,C1085,Headphones,Audio,4,493.53,2025-05-22,1974.12
ORD11021,C1004,Phone,Electronics,4,1185.82,2025-01-22,4743.28
ORD11022,C1045,Cable,Accessories,5,240.94,2025-05-08,1204.7
ORD11023,C1173,Tablet,Electronics,4,146.19,2025-11-17,584.76
ORD11024,C1078,Laptop,Electronics,1,539.72,2025-12-26,539.72
ORD11025,C1162,Phone,Electronics,2,736.89,2025-10-13,1473.78
ORD11026,C1010,Mouse,Accessories,4,1102.45,2025-12-19,4409.8
ORD11027,C1128,Monitor,Electronics,3,1089.35,2025-01-21,3268.05
ORD11028,C1277,Cable,Accessories,4,842.95,2025-12-23,3371.8
ORD11029,C1278,Cable,Accessories,2,854.39,2025-06-28,1708.78
ORD11030,C1283,Mouse,Accessories,4,420.23,2025-03-24,1680.92
ORD11031,C1151,Phone,Electronics,5,240.99,2025-05-15,1204.95
ORD11032,C1259,Mouse,Accessories,4,11.07,2025-07-14,44.28
ORD11033,C1186,Tablet,Electronics,1,933.4,2025-11-14,933.4
ORD11034,C1275,Headphones,Audio,3,1084.3,2025-07-18,3252.9
ORD11035,,Headphones,Audio,5,1028.0,2025-03-20,5140.0
ORD11036,C1164,Keyboard,Accessories,3,620.61,2025-02-26,1861.83
ORD11037,C1022,Phone,Electronics,5,991.75,2025-03-08,4958.75
ORD11038,C1248,Tablet,Electronics,1,311.1,2025-04-09,311.1
ORD11039,C1198,Phone,Electronics,1,860.81,2025-12-03,860.81
ORD11040,C1131,Cable,Accessories,5,939.72,2025-01-26,4698.6
ORD11041,C1036,Mouse,Accessories,2,912.87,2025-01-07,1825.74
ORD11042,C1040,Headphones,Audio,4,1393.32,2025-08-28,5573.28
ORD11043,C1212,Laptop,Electronics,3,841.45,2025-07-08,2524.35
ORD11044,C1020,Laptop,Electronics,5,406.07,2025-02-06,2030.35
ORD11045,C1265,Keyboard,Accessories,1,1417.46,2025-02-19,1417.46
ORD11046,C1097,Phone,Electronics,2,802.17,2025-04-09,1604.34
ORD11047,C1091,Headphones,Audio,5,941.73,2025-10-13,4708.65
ORD11048,C1295,Monitor,Electronics,1,1151.76,2025-07-03,1151.76
ORD11049,C1085,Cable,Accessories,4,1325.41,2025-04-03,5301.64
ORD11050,C1080,Monitor,Electronics,5,512.89,2025-10-01,2564.45
ORD11051,C1281,Cable,Accessories,3,1354.7,2025-06-16,4064.1
ORD11052,C1220,Mouse,Accessories,4,1148.63,2025-06-15,4594.52
ORD11053,C1192,Headphones,Audio,5,822.98,2025-10-09,4114.9
ORD11054,C1229,Keyboard,Accessories,3,1442.86,2025-07-23,4328.58
ORD11055,C1008,Laptop,Electronics,1,1474.61,2025-09-23,1474.61
ORD11056,C1113,Tablet,Electronics,3,19.79,2025-04-20,59.37
ORD11057,C1141,Mouse,Accessories,1,1159.57,2025-10-11,1159.57
ORD11058,C1182,Tablet,Electronics,1,66.23,2025-03-21,66.23
ORD11059,C1298,Tablet,Electronics,3,556.95,2025-05-08,1670.85
ORD11060,C1047,Headphones,Audio,3,1218.5,2025-10-20,3655.5
ORD11061,C1039,Monitor,Electronics,5,1377.64,INVALID,6888.2
ORD11062,C1295,Cable,Accessories,2,737.53,INVALID,1475.06
ORD11063,C1295,Keyboard,Accessories,1,1098.88,2025-07-15,1098.88
ORD11064,C1171,Phone,Electronics,1,1383.59,2025-06-28,1383.59
ORD11065,C1061,Monitor,Electronics,4,1396.07,2025-04-27,5584.28
ORD11066,C1268,Laptop,Electronics,4,90.65,2025-01-22,362.6
ORD11067,C1167,Mouse,Accessories,5,851.72,2025-09-15,4258.6
ORD11068,C1201,Headphones,Audio,2,85.27,2025-08-17,170.54
ORD11069,C1201,Phone,Electronics,2,653.58,2025-03-17,1307.16
ORD11070,C1292,Tablet,Electronics,3,132.99,2025-01-26,398.97
ORD11071,C1256,Monitor,Electronics,3,136.77,2025-08-11,410.31
ORD11072,C1101,Tablet,Electronics,2,726.57,2025-09-07,1453.14
ORD11073,C1268,Monitor,Electronics,5,302.19,2025-05-07,1510.95
ORD11074,C1220,Headphones,Audio,1,406.72,2025-06-15,406.72
ORD11075,C1216,Phone,Electronics,1,1010.9,2025-07-07,1010.9
ORD11076,C1012,Mouse,Accessories,2,487.9,2025-06-06,975.8
ORD11077,,Tablet,Electronics,3,928.17,2025-11-16,2784.51
ORD11078,C1119,Tablet,Electronics,4,76.87,2025-04-13,307.48
ORD11079,C1043,Mouse,Accessories,2,1139.02,2025-02-27,2278.04
ORD11080,C1075,Laptop,Electronics,2,1423.92,2025-05-28,2847.84
ORD11081,C1056,Laptop,Electronics,3,1043.75,2025-06-06,3131.25
ORD11082,C1107,Cable,Accessories,4,43.89,2025-10-03,175.56
ORD11083,C1132,Headphones,Audio,2,824.17,2025-10-08,1648.34
ORD11084,C1072,Cable,Accessories,5,1097.59,2025-12-22,5487.95
ORD11085,C1269,Laptop,Electronics,4,878.68,2025-01-23,3514.72
ORD11086,C1102,Keyboard,Accessories,2,99.56,2025-12-23,199.12
ORD11087,C1004,Keyboard,Accessories,1,702.79,2025-02-04,702.79
ORD11088,C1184,Monitor,Electronics,3,997.84,2025-02-25,2993.52
ORD11089,C1197,Laptop,Electronics,3,1302.44,2025-04-29,3907.32
ORD11090,C1050,Monitor,Electronics,5,1465.15,2025-06-11,7325.75
ORD11091,C1095,Cable,Accessories,5,802.03,2025-04-12,4010.15
ORD11092,C1011,Cable,Accessories,5,1390.26,2025-01-21,6951.3
ORD11093,C1250,Headphones,Audio,5,464.34,2025-07-21,2321.7
ORD11094,C1180,Tablet,Electronics,1,526.7,2025-07-01,526.7
ORD11095,C1256,Keyboard,Accessories,2,1494.03,2025-05-22,2988.06
ORD11096,C1015,Laptop,Electronics,3,1319.23,2025-10-12,3957.69
ORD11097,C1201,Keyboard,Accessories,2,236.05,2025-12-03,472.1
ORD11098,C1266,Tablet,Electronics,1,1097.54,2025-12-14,1097.54
ORD11099,C1078,Headphones,Audio,4,368.14,2025-08-07,1472.56
ORD11100,C1277,Keyboard,Accessories,5,500.63,2025-03-09,2503.15
ORD11101,C1103,Headphones,Audio,2,875.74,2025-03-12,1751.48
ORD11102,C1220,Keyboard,Accessories,5,1365.25,2025-03-16,6826.25
ORD11103,C1272,Tablet,Electronics,3,111.04,2025-03-02,333.12
ORD11104,C1074,Tablet,Electronics,3,1260.89,2025-01-16,3782.67
ORD11105,C1155,Mouse,Accessories,4,1442.18,2025-08-15,5768.72
ORD11106,C1054,Keyboard,Accessories,2,1170.87,INVALID,2341.74
ORD11107,C1136,Tablet,Electronics,1,1146.05,2025-11-07,1146.05
ORD11108,C1013,Headphones,Audio,5,355.95,2025-07-03,1779.75
ORD11109,C1240,Phone,Electronics,4,209.79,2025-12-31,839.16
ORD11110,C1251,Mouse,Accessories,2,1279.67,2025-08-31,2559.34
ORD11111,C1016,Tablet,Electronics,2,297.96,2025-07-29,595.92
ORD11112,C1113,Laptop,Electronics,3,1425.8,2025-12-10,4277.4
ORD11113,C1224,Headphones,Audio,2,108.54,2025-11-12,217.08
ORD11114,C1126,Cable,Accessories,3,1301.49,2025-08-07,3904.47
ORD11115,C1194,Monitor,Electronics,1,915.82,2025-06-10,915.82
ORD11116,C1292,Monitor,Electronics,5,1409.32,2025-11-01,7046.6
ORD11117,C1233,Laptop,Electronics,5,172.88,2025-01-22,864.4
ORD11118,C1020,Headphones,Audio,5,811.43,2025-10-13,4057.15
ORD11119,C1025,Monitor,Electronics,5,1150.09,2025-04-08,5750.45
ORD11120,C1155,Keyboard,Accessories,4,603.08,2025-05-27,2412.32
ORD11121,C1027,Cable,Accessories,2,639.47,2025-12-20,1278.94
ORD11122,C1231,Tablet,Electronics,4,1246.54,2025-02-16,4986.16
ORD11123,C1279,Phone,Electronics,2,1170.31,2025-03-11,2340.62
ORD11124,C1012,Monitor,Electronics,4,491.96,2025-04-02,1967.84
ORD11125,C1103,Cable,Accessories,5,1345.96,2025-08-21,6729.8
ORD11126,C1083,Phone,Electronics,3,492.87,2025-03-05,1478.61
ORD11127,C1185,Phone,Electronics,1,1062.28,2025-02-13,1062.28
ORD11128,C1081,Monitor,Electronics,5,921.99,2025-07-13,4609.95
ORD11129,C1171,Monitor,Electronics,1,1154.71,2025-10-17,1154.71
ORD11130,C1091,Tablet,Electronics,2,1304.54,2025-12-31,2609.08
ORD11131,C1228,Laptop,Electronics,4,469.01,2025-05-28,1876.04
ORD11132,C1103,Tablet,Electronics,1,1348.83,INVALID,1348.83
ORD11133,C1255,Keyboard,Accessories,1,693.38,2025-10-06,693.38
ORD11134,C1121,Laptop,Electronics,5,1325.23,2025-04-22,6626.15
ORD11135,C1040,Cable,Accessories,4,621.13,2025-11-04,2484.52
ORD11136,C1142,Laptop,Electronics,2,1324.43,2025-11-14,2648.86
ORD11137,C1028,Headphones,Audio,1,285.41,2025-12-01,285.41
ORD11138,C1016,Mouse,Accessories,1,226.61,2025-12-08,226.61
ORD11139,C1025,Keyboard,Accessories,3,1381.37,2025-02-25,4144.11
ORD11140,C1145,Monitor,Electronics,2,250.39,2025-11-09,500.78
ORD11141,C1184,Tablet,Electronics,4,1126.51,2025-01-19,4506.04
ORD11142,C1194,Phone,Electronics,3,491.0,2025-02-04,1473.0
ORD11143,C1241,Monitor,Electronics,5,106.74,2025-03-10,533.7
ORD11144,C1211,Phone,Electronics,3,500.52,2025-09-26,1501.56
ORD11145,C1055,Headphones,Audio,2,921.96,2025-10-20,1843.92
ORD11146,C1147,Phone,Electronics,4,1088.87,2025-08-07,4355.48
ORD11147,C1181,Mouse,Accessories,3,792.83,2025-03-08,2378.49
ORD11148,C1254,Cable,Accessories,5,1096.49,2025-09-10,5482.45
ORD11149,,Tablet,Electronics,5,356.76,2025-04-10,1783.8
ORD11150,C1060,Laptop,Electronics,1,45.74,2025-04-17,45.74
ORD11151,C1179,Monitor,Electronics,4,77.78,2025-10-14,311.12
ORD11152,C1144,Headphones,Audio,1,964.52,2025-05-11,964.52
ORD11153,C1281,Phone,Electronics,3,457.42,2025-06-15,1372.26
ORD11154,C1174,Laptop,Electronics,1,1031.9,2025-07-22,1031.9
ORD11155,C1173,Laptop,Electronics,2,299.08,2025-12-11,598.16
ORD11156,C1069,Cable,Accessories,4,1197.91,2025-09-04,4791.64
ORD11157,C1274,Tablet,Electronics,4,1339.17,2025-06-21,5356.68
ORD11158,C1028,Cable,Accessories,4,1392.41,2025-09-24,5569.64
ORD11159,C1161,Keyboard,Accessories,5,1090.2,2025-10-12,5451.0
ORD11160,C1169,Laptop,Electronics,2,870.32,2025-07-01,1740.64
ORD11161,C1015,Phone,Electronics,2,427.89,2025-06-23,855.78
ORD11162,C1292,Monitor,Electronics,5,1265.18,2025-11-07,6325.9
ORD11163,C1157,Monitor,Electronics,2,896.84,2025-12-28,1793.68
ORD11164,C1044,Mouse,Accessories,1,414.53,2025-09-12,414.53
ORD11165,C1154,Headphones,Audio,3,683.34,2025-04-21,2050.02
ORD11166,C1019,Keyboard,Accessories,2,177.22,2025-04-14,354.44
ORD11167,C1247,Phone,Electronics,4,763.93,2025-09-14,3055.72
ORD11168,C1247,Tablet,Electronics,2,516.77,2025-09-26,1033.54
ORD11169,C1050,Keyboard,Accessories,3,223.51,2025-09-22,670.53
ORD11170,C1235,Tablet,Electronics,2,1089.61,2025-07-18,2179.22
ORD11171,C1022,Phone,Electronics,1,473.36,2025-12-18,473.36
ORD11172,C1023,Phone,Electronics,3,705.65,2025-02-22,2116.95
ORD11173,C1159,Keyboard,Accessories,1,870.56,2025-11-24,870.56
ORD11174,C1146,Headphones,Audio,3,308.83,2025-05-22,926.49
ORD11175,C1139,Mouse,Accessories,4,1009.97,2025-03-18,4039.88
ORD11176,C1286,Tablet,Electronics,3,180.55,2025-09-21,541.65
ORD11177,C1281,Phone,Electronics,2,818.37,2025-06-13,1636.74
ORD11178,C1145,Keyboard,Accessories,2,1415.48,2025-10-21,2830.96
ORD11179,C1173,Headphones,Audio,2,116.15,2025-10-04,232.3
ORD11180,C1241,Cable,Accessories,1,203.81,2025-12-12,203.81
ORD11181,C1044,Laptop,Electronics,1,581.56,2025-08-07,581.56
ORD11182,C1228,Monitor,Electronics,2,1059.97,2025-11-12,2119.94
ORD11183,C1101,Mouse,Accessories,3,505.17,2026-01-01,1515.51
ORD11184,C1047,Phone,Electronics,4,856.01,2025-12-24,3424.04
ORD11185,C1238,Cable,Accessories,1,688.82,2025-08-29,688.82
ORD11186,C1132,Headphones,Audio,2,224.15,2025-07-06,448.3
ORD11187,C1169,Monitor,Electronics,2,1052.43,2025-06-16,2104.86
ORD11188,C1243,Cable,Accessories,4,55.09,2025-02-27,220.36
ORD11189,C1087,Mouse,Accessories,4,697.25,2025-05-25,2789.0
ORD11190,C1260,Mouse,Accessories,5,866.27,2025-02-22,4331.35
ORD11191,C1036,Monitor,Electronics,1,495.55,2025-06-04,495.55
ORD11192,C1122,Cable,Accessories,4,889.9,2025-11-14,3559.6
ORD11193,C1246,Headphones,Audio,5,246.94,2025-07-16,1234.7
ORD11194,C1220,Phone,Electronics,3,320.27,2025-08-11,960.81
ORD11195,C1088,Mouse,Accessories,5,1044.26,2025-12-06,5221.3
ORD11196,C1058,Phone,Electronics,5,1256.75,2025-10-31,6283.75
ORD11197,C1227,Cable,Accessories,3,837.08,2025-04-01,2511.24
ORD11198,C1055,Keyboard,Accessories,4,113.72,2025-12-17,454.88
ORD11199,C1031,Monitor,Electronics,3,746.5,2025-02-16,2239.5
